Unnamed: 0,xuhao,author,content,zan,zhuanfa,pinglun,public_time
0,140,CXS967,今天日本收视率最高的电视台新闻节目报道了#好久不见，武汉#。他们的报道很正能量，”我想把日本对武汉的偏见去掉“我这个最核心的想法一直在他们的节目里介绍了。我真心希望更多的日本人看我们的纪录片。,0,0,0,04月30日
1,141,西乡大塘木匠,“武汉太危险，最好你不要去”“是不是现在还有很多隐瞒的感染者？”我的日本朋友对武汉有很多偏见。我是作为住在中国的外国人，作为纪录片的导演，特别想去拍武汉，想给全世界介绍真实的武汉。于是我在微博上募集了可以接受我们拍摄的武汉人，然后一百多个人报名了，最后我们选择了十个人的故事。希望通过这部作品让更多的人了解现在的武汉。我们对这个作品有信心，但是我们没有经费做推广。所以只能靠每一个朋友们的扩散力量。大家看完后觉得不错的话，请帮我们转发，给周边的人宣传一下。谢谢！#好久不见，武汉#http://t.cn/A6L3Uv3f,0,0,0,04月30日
2,142,揉碎星月zyy,:隔离，武汉过来有绿码和7天内核酸检测报告就不需要隔离，反之，隔离武汉回的(因为居委会说只有武汉的需要武汉。相比其他城市武汉显得更加的不同，那么武汉解封后去外地还需要进行隔离观察吗？ 根据不少省份的通知，4月8日起，湖北人出省是不需要隔离武汉去任何地方都要隔离隔离！ 国内来汉？不是严格“隔离武汉的外地人员。 我自己也是从福建需要隔离，但是实际操作中大部分还是隔离隔离武汉 作为一个土生土长的武汉人，自我隔离武汉人了，我一湖北人，两年没回过湖北，今天在重庆转机被告知不让走，也没提前告诉我要社区证明... 让我们去维也纳酒店，我想想，听从意见，打车去了维也纳酒店，一听是湖北户籍http://t.cn/A6ZX3WDr,0,0,0,04月29日
3,143,漂亮小姐姐912,:武汉封城第一天 2020年3月某日国内最严重疫情地图 2020年4月8日国内疫情地图--武汉解封第一天... 2020年4月8日国内疫情地图--武汉解封武汉市解除离汉离鄂通道管控措施，有序恢复对外交通。封城76天的武汉将慢慢复苏... （每经记者 张建） 湖北省人民医院外，等待武汉迎来了解封。 武汉解封前夕 图片来自中新网 这距离1 月 23 日，武汉因为疫情封城，已经过去了整整 76武汉解封，取得阶段性胜利。 2020年4月8日，76天，必将载入史册。 02 心未解封 前不久，武汉被誉为“英雄的城市”，武汉武汉“解封”……》点击链接，阅读文章！苦等76天，武汉“解封”！女子凌晨泪崩：“我的武汉http://t.cn/A6Zs4qPR,0,0,0,04月29日
4,144,咲鰰鼇,“武汉太危险，最好你不要去”“是不是现在还有很多隐瞒的感染者？”我的日本朋友对武汉有很多偏见。我是作为住在中国的外国人，作为纪录片的导演，特别想去拍武汉，想给全世界介绍真实的武汉。于是我在微博上募集了可以接受我们拍摄的武汉人，然后一百多个人报名了，最后我们选择了十个人的故事。希望通过这部作品让更多的人了解现在的武汉。我们对这个作品有信心，但是我们没有经费做推广。所以只能靠每一个朋友们的扩散力量。大家看完后觉得不错的话，请帮我们转发，给周边的人宣传一下。谢谢！#好久不见，武汉#http://t.cn/A6L3Uv3f,0,0,0,04月29日
5,145,心之向往ffff,“武汉太危险，最好你不要去”“是不是现在还有很多隐瞒的感染者？”我的日本朋友对武汉有很多偏见。我是作为住在中国的外国人，作为纪录片的导演，特别想去拍武汉，想给全世界介绍真实的武汉。于是我在微博上募集了可以接受我们拍摄的武汉人，然后一百多个人报名了，最后我们选择了十个人的故事。希望通过这部作品让更多的人了解现在的武汉。我们对这个作品有信心，但是我们没有经费做推广。所以只能靠每一个朋友们的扩散力量。大家看完后觉得不错的话，请帮我们转发，给周边的人宣传一下。谢谢！#好久不见，武汉#http://t.cn/A6L3Uv3f,1,0,0,04月29日
6,146,西之安居,“武汉太危险，最好你不要去”“是不是现在还有很多隐瞒的感染者？”我的日本朋友对武汉有很多偏见。我是作为住在中国的外国人，作为纪录片的导演，特别想去拍武汉，想给全世界介绍真实的武汉。于是我在微博上募集了可以接受我们拍摄的武汉人，然后一百多个人报名了，最后我们选择了十个人的故事。希望通过这部作品让更多的人了解现在的武汉。我们对这个作品有信心，但是我们没有经费做推广。所以只能靠每一个朋友们的扩散力量。大家看完后觉得不错的话，请帮我们转发，给周边的人宣传一下。谢谢！#好久不见，武汉#http://t.cn/A6L3Uv3f,0,0,0,04月28日
7,147,7喜有个好妈咪,“武汉太危险，最好你不要去”“是不是现在还有很多隐瞒的感染者？”我的日本朋友对武汉有很多偏见。我是作为住在中国的外国人，作为纪录片的导演，特别想去拍武汉，想给全世界介绍真实的武汉。于是我在微博上募集了可以接受我们拍摄的武汉人，然后一百多个人报名了，最后我们选择了十个人的故事。希望通过这部作品让更多的人了解现在的武汉。我们对这个作品有信心，但是我们没有经费做推广。所以只能靠每一个朋友们的扩散力量。大家看完后觉得不错的话，请帮我们转发，给周边的人宣传一下。谢谢！#好久不见，武汉#http://t.cn/A6L3Uv3f,0,0,0,04月28日
8,148,木禾十千,“武汉太危险，最好你不要去”“是不是现在还有很多隐瞒的感染者？”我的日本朋友对武汉有很多偏见。我是作为住在中国的外国人，作为纪录片的导演，特别想去拍武汉，想给全世界介绍真实的武汉。于是我在微博上募集了可以接受我们拍摄的武汉人，然后一百多个人报名了，最后我们选择了十个人的故事。希望通过这部作品让更多的人了解现在的武汉。我们对这个作品有信心，但是我们没有经费做推广。所以只能靠每一个朋友们的扩散力量。大家看完后觉得不错的话，请帮我们转发，给周边的人宣传一下。谢谢！#好久不见，武汉#http://t.cn/A6L3Uv3f,1,0,0,04月28日
9,149,居老师的迷妹诗染,“武汉太危险，最好你不要去”“是不是现在还有很多隐瞒的感染者？”我的日本朋友对武汉有很多偏见。我是作为住在中国的外国人，作为纪录片的导演，特别想去拍武汉，想给全世界介绍真实的武汉。于是我在微博上募集了可以接受我们拍摄的武汉人，然后一百多个人报名了，最后我们选择了十个人的故事。希望通过这部作品让更多的人了解现在的武汉。我们对这个作品有信心，但是我们没有经费做推广。所以只能靠每一个朋友们的扩散力量。大家看完后觉得不错的话，请帮我们转发，给周边的人宣传一下。谢谢！#好久不见，武汉#http://t.cn/A6L3Uv3f,0,0,0,04月28日
10,150,Bolivia_w,“武汉太危险，最好你不要去”“是不是现在还有很多隐瞒的感染者？”我的日本朋友对武汉有很多偏见。我是作为住在中国的外国人，作为纪录片的导演，特别想去拍武汉，想给全世界介绍真实的武汉。于是我在微博上募集了可以接受我们拍摄的武汉人，然后一百多个人报名了，最后我们选择了十个人的故事。希望通过这部作品让更多的人了解现在的武汉。我们对这个作品有信心，但是我们没有经费做推广。所以只能靠每一个朋友们的扩散力量。大家看完后觉得不错的话，请帮我们转发，给周边的人宣传一下。谢谢！#好久不见，武汉#http://t.cn/A6L3Uv3f,1,0,0,04月27日
11,151,sevemce,“武汉太危险，最好你不要去”“是不是现在还有很多隐瞒的感染者？”我的日本朋友对武汉有很多偏见。我是作为住在中国的外国人，作为纪录片的导演，特别想去拍武汉，想给全世界介绍真实的武汉。于是我在微博上募集了可以接受我们拍摄的武汉人，然后一百多个人报名了，最后我们选择了十个人的故事。希望通过这部作品让更多的人了解现在的武汉。我们对这个作品有信心，但是我们没有经费做推广。所以只能靠每一个朋友们的扩散力量。大家看完后觉得不错的话，请帮我们转发，给周边的人宣传一下。谢谢！#好久不见，武汉#http://t.cn/A6L3Uv3f,0,0,0,04月27日
12,152,箔金窗台,“武汉太危险，最好你不要去”“是不是现在还有很多隐瞒的感染者？”我的日本朋友对武汉有很多偏见。我是作为住在中国的外国人，作为纪录片的导演，特别想去拍武汉，想给全世界介绍真实的武汉。于是我在微博上募集了可以接受我们拍摄的武汉人，然后一百多个人报名了，最后我们选择了十个人的故事。希望通过这部作品让更多的人了解现在的武汉。我们对这个作品有信心，但是我们没有经费做推广。所以只能靠每一个朋友们的扩散力量。大家看完后觉得不错的话，请帮我们转发，给周边的人宣传一下。谢谢！#好久不见，武汉#http://t.cn/A6L3Uv3f,1700,953,543,04月27日
13,153,花白头老葛,“武汉太危险，最好你不要去”“是不是现在还有很多隐瞒的感染者？”我的日本朋友对武汉有很多偏见。我是作为住在中国的外国人，作为纪录片的导演，特别想去拍武汉，想给全世界介绍真实的武汉。于是我在微博上募集了可以接受我们拍摄的武汉人，然后一百多个人报名了，最后我们选择了十个人的故事。希望通过这部作品让更多的人了解现在的武汉。我们对这个作品有信心，但是我们没有经费做推广。所以只能靠每一个朋友们的扩散力量。大家看完后觉得不错的话，请帮我们转发，给周边的人宣传一下。谢谢！#好久不见，武汉#http://t.cn/A6L3Uv3f,0,0,0,04月27日
14,154,乙酰胆碱没有碱,:可能我因为从来没想过歧视武汉人吧 武汉解封之后还买了一堆武汉特产湖北特产因此看了竹内亮的视频看到武汉人的无奈和辛酸之后才明白不是每个人都和我一样对不幸者心怀同情与理解还有一部分人看到不幸想的不是拯救和帮助 而是你别连累我,7,1,3,04月27日
15,155,玲熙-Leo,“武汉太危险，最好你不要去”“是不是现在还有很多隐瞒的感染者？”我的日本朋友对武汉有很多偏见。我是作为住在中国的外国人，作为纪录片的导演，特别想去拍武汉，想给全世界介绍真实的武汉。于是我在微博上募集了可以接受我们拍摄的武汉人，然后一百多个人报名了，最后我们选择了十个人的故事。希望通过这部作品让更多的人了解现在的武汉。我们对这个作品有信心，但是我们没有经费做推广。所以只能靠每一个朋友们的扩散力量。大家看完后觉得不错的话，请帮我们转发，给周边的人宣传一下。谢谢！#好久不见，武汉#http://t.cn/A6L3Uv3f,0,0,0,04月27日
16,156,早睡小选手哒哒,“武汉太危险，最好你不要去”“是不是现在还有很多隐瞒的感染者？”我的日本朋友对武汉有很多偏见。我是作为住在中国的外国人，作为纪录片的导演，特别想去拍武汉，想给全世界介绍真实的武汉。于是我在微博上募集了可以接受我们拍摄的武汉人，然后一百多个人报名了，最后我们选择了十个人的故事。希望通过这部作品让更多的人了解现在的武汉。我们对这个作品有信心，但是我们没有经费做推广。所以只能靠每一个朋友们的扩散力量。大家看完后觉得不错的话，请帮我们转发，给周边的人宣传一下。谢谢！#好久不见，武汉#http://t.cn/A6L3Uv3f,0,0,0,04月27日
17,157,我老公王一博肖战今天发自拍了吗,“武汉太危险，最好你不要去”“是不是现在还有很多隐瞒的感染者？”我的日本朋友对武汉有很多偏见。我是作为住在中国的外国人，作为纪录片的导演，特别想去拍武汉，想给全世界介绍真实的武汉。于是我在微博上募集了可以接受我们拍摄的武汉人，然后一百多个人报名了，最后我们选择了十个人的故事。希望通过这部作品让更多的人了解现在的武汉。我们对这个作品有信心，但是我们没有经费做推广。所以只能靠每一个朋友们的扩散力量。大家看完后觉得不错的话，请帮我们转发，给周边的人宣传一下。谢谢！#好久不见，武汉#http://t.cn/A6L3Uv3f,0,0,0,04月27日
18,158,袁毕加,:武汉解封 陈奕天 助力湖北重启 祝福荆楚大地重回人间烟火气，提醒解封还是不能放松哦，防疫还是要做好。陈奕天工作室的微博视频,0,0,0,04月27日
19,159,天天天蓝蓝好了,“武汉太危险，最好你不要去”“是不是现在还有很多隐瞒的感染者？”我的日本朋友对武汉有很多偏见。我是作为住在中国的外国人，作为纪录片的导演，特别想去拍武汉，想给全世界介绍真实的武汉。于是我在微博上募集了可以接受我们拍摄的武汉人，然后一百多个人报名了，最后我们选择了十个人的故事。希望通过这部作品让更多的人了解现在的武汉。我们对这个作品有信心，但是我们没有经费做推广。所以只能靠每一个朋友们的扩散力量。大家看完后觉得不错的话，请帮我们转发，给周边的人宣传一下。谢谢！#好久不见，武汉#http://t.cn/A6L3Uv3f,0,0,0,04月27日
20,160,纵观明日星象,“武汉太危险，最好你不要去”“是不是现在还有很多隐瞒的感染者？”我的日本朋友对武汉有很多偏见。我是作为住在中国的外国人，作为纪录片的导演，特别想去拍武汉，想给全世界介绍真实的武汉。于是我在微博上募集了可以接受我们拍摄的武汉人，然后一百多个人报名了，最后我们选择了十个人的故事。希望通过这部作品让更多的人了解现在的武汉。我们对这个作品有信心，但是我们没有经费做推广。所以只能靠每一个朋友们的扩散力量。大家看完后觉得不错的话，请帮我们转发，给周边的人宣传一下。谢谢！#好久不见，武汉#http://t.cn/A6L3Uv3f,0,0,0,04月27日
21,161,_喵大师,“武汉太危险，最好你不要去”“是不是现在还有很多隐瞒的感染者？”我的日本朋友对武汉有很多偏见。我是作为住在中国的外国人，作为纪录片的导演，特别想去拍武汉，想给全世界介绍真实的武汉。于是我在微博上募集了可以接受我们拍摄的武汉人，然后一百多个人报名了，最后我们选择了十个人的故事。希望通过这部作品让更多的人了解现在的武汉。我们对这个作品有信心，但是我们没有经费做推广。所以只能靠每一个朋友们的扩散力量。大家看完后觉得不错的话，请帮我们转发，给周边的人宣传一下。谢谢！#好久不见，武汉#http://t.cn/A6L3Uv3f,0,0,0,04月27日
22,162,芒果最八卦,:武汉解封 陈奕天 助力湖北重启 祝福荆楚大地重回人间烟火气，提醒解封还是不能放松哦，防疫还是要做好。陈奕天工作室的微博视频,0,0,0,04月27日
23,163,明星娱乐动态追踪,:武汉解封 陈奕天 助力湖北重启 祝福荆楚大地重回人间烟火气，提醒解封还是不能放松哦，防疫还是要做好。陈奕天工作室的微博视频,0,0,0,04月27日
24,164,熊孩子捉昕,“武汉太危险，最好你不要去”“是不是现在还有很多隐瞒的感染者？”我的日本朋友对武汉有很多偏见。我是作为住在中国的外国人，作为纪录片的导演，特别想去拍武汉，想给全世界介绍真实的武汉。于是我在微博上募集了可以接受我们拍摄的武汉人，然后一百多个人报名了，最后我们选择了十个人的故事。希望通过这部作品让更多的人了解现在的武汉。我们对这个作品有信心，但是我们没有经费做推广。所以只能靠每一个朋友们的扩散力量。大家看完后觉得不错的话，请帮我们转发，给周边的人宣传一下。谢谢！#好久不见，武汉#http://t.cn/A6L3Uv3f,2,0,2,04月27日
25,165,明星八卦动态,:武汉解封 陈奕天 助力湖北重启 祝福荆楚大地重回人间烟火气，提醒解封还是不能放松哦，防疫还是要做好。陈奕天工作室的微博视频,0,0,0,04月27日
26,166,自信的程先生,“武汉太危险，最好你不要去”“是不是现在还有很多隐瞒的感染者？”我的日本朋友对武汉有很多偏见。我是作为住在中国的外国人，作为纪录片的导演，特别想去拍武汉，想给全世界介绍真实的武汉。于是我在微博上募集了可以接受我们拍摄的武汉人，然后一百多个人报名了，最后我们选择了十个人的故事。希望通过这部作品让更多的人了解现在的武汉。我们对这个作品有信心，但是我们没有经费做推广。所以只能靠每一个朋友们的扩散力量。大家看完后觉得不错的话，请帮我们转发，给周边的人宣传一下。谢谢！#好久不见，武汉#http://t.cn/A6L3Uv3f,0,0,0,04月27日
27,167,onlysuuuda,“武汉太危险，最好你不要去”“是不是现在还有很多隐瞒的感染者？”我的日本朋友对武汉有很多偏见。我是作为住在中国的外国人，作为纪录片的导演，特别想去拍武汉，想给全世界介绍真实的武汉。于是我在微博上募集了可以接受我们拍摄的武汉人，然后一百多个人报名了，最后我们选择了十个人的故事。希望通过这部作品让更多的人了解现在的武汉。我们对这个作品有信心，但是我们没有经费做推广。所以只能靠每一个朋友们的扩散力量。大家看完后觉得不错的话，请帮我们转发，给周边的人宣传一下。谢谢！#好久不见，武汉#http://t.cn/A6L3Uv3f,0,0,0,04月27日
28,168,麻木的Chuck,“武汉太危险，最好你不要去”“是不是现在还有很多隐瞒的感染者？”我的日本朋友对武汉有很多偏见。我是作为住在中国的外国人，作为纪录片的导演，特别想去拍武汉，想给全世界介绍真实的武汉。于是我在微博上募集了可以接受我们拍摄的武汉人，然后一百多个人报名了，最后我们选择了十个人的故事。希望通过这部作品让更多的人了解现在的武汉。我们对这个作品有信心，但是我们没有经费做推广。所以只能靠每一个朋友们的扩散力量。大家看完后觉得不错的话，请帮我们转发，给周边的人宣传一下。谢谢！#好久不见，武汉#http://t.cn/A6L3Uv3f,0,0,0,04月27日
29,169,锦绣恋歌,“武汉太危险，最好你不要去”“是不是现在还有很多隐瞒的感染者？”我的日本朋友对武汉有很多偏见。我是作为住在中国的外国人，作为纪录片的导演，特别想去拍武汉，想给全世界介绍真实的武汉。于是我在微博上募集了可以接受我们拍摄的武汉人，然后一百多个人报名了，最后我们选择了十个人的故事。希望通过这部作品让更多的人了解现在的武汉。我们对这个作品有信心，但是我们没有经费做推广。所以只能靠每一个朋友们的扩散力量。大家看完后觉得不错的话，请帮我们转发，给周边的人宣传一下。谢谢！#好久不见，武汉#http://t.cn/A6L3Uv3f,0,0,0,04月27日
30,170,当时只道年少,“武汉太危险，最好你不要去”“是不是现在还有很多隐瞒的感染者？”我的日本朋友对武汉有很多偏见。我是作为住在中国的外国人，作为纪录片的导演，特别想去拍武汉，想给全世界介绍真实的武汉。于是我在微博上募集了可以接受我们拍摄的武汉人，然后一百多个人报名了，最后我们选择了十个人的故事。希望通过这部作品让更多的人了解现在的武汉。我们对这个作品有信心，但是我们没有经费做推广。所以只能靠每一个朋友们的扩散力量。大家看完后觉得不错的话，请帮我们转发，给周边的人宣传一下。谢谢！#好久不见，武汉#http://t.cn/A6L3Uv3f,0,0,0,04月27日
31,171,JWY咩咩咩,“武汉太危险，最好你不要去”“是不是现在还有很多隐瞒的感染者？”我的日本朋友对武汉有很多偏见。我是作为住在中国的外国人，作为纪录片的导演，特别想去拍武汉，想给全世界介绍真实的武汉。于是我在微博上募集了可以接受我们拍摄的武汉人，然后一百多个人报名了，最后我们选择了十个人的故事。希望通过这部作品让更多的人了解现在的武汉。我们对这个作品有信心，但是我们没有经费做推广。所以只能靠每一个朋友们的扩散力量。大家看完后觉得不错的话，请帮我们转发，给周边的人宣传一下。谢谢！#好久不见，武汉#http://t.cn/A6L3Uv3f,0,0,0,04月27日
32,172,木更津小熊貓眼,“武汉太危险，最好你不要去”“是不是现在还有很多隐瞒的感染者？”我的日本朋友对武汉有很多偏见。我是作为住在中国的外国人，作为纪录片的导演，特别想去拍武汉，想给全世界介绍真实的武汉。于是我在微博上募集了可以接受我们拍摄的武汉人，然后一百多个人报名了，最后我们选择了十个人的故事。希望通过这部作品让更多的人了解现在的武汉。我们对这个作品有信心，但是我们没有经费做推广。所以只能靠每一个朋友们的扩散力量。大家看完后觉得不错的话，请帮我们转发，给周边的人宣传一下。谢谢！#好久不见，武汉#http://t.cn/A6L3Uv3f,0,0,0,04月27日
33,173,是木小南呀,“武汉太危险，最好你不要去”“是不是现在还有很多隐瞒的感染者？”我的日本朋友对武汉有很多偏见。我是作为住在中国的外国人，作为纪录片的导演，特别想去拍武汉，想给全世界介绍真实的武汉。于是我在微博上募集了可以接受我们拍摄的武汉人，然后一百多个人报名了，最后我们选择了十个人的故事。希望通过这部作品让更多的人了解现在的武汉。我们对这个作品有信心，但是我们没有经费做推广。所以只能靠每一个朋友们的扩散力量。大家看完后觉得不错的话，请帮我们转发，给周边的人宣传一下。谢谢！#好久不见，武汉#http://t.cn/A6L3Uv3f,0,0,0,04月27日
34,174,双份蛋黄酥,“武汉太危险，最好你不要去”“是不是现在还有很多隐瞒的感染者？”我的日本朋友对武汉有很多偏见。我是作为住在中国的外国人，作为纪录片的导演，特别想去拍武汉，想给全世界介绍真实的武汉。于是我在微博上募集了可以接受我们拍摄的武汉人，然后一百多个人报名了，最后我们选择了十个人的故事。希望通过这部作品让更多的人了解现在的武汉。我们对这个作品有信心，但是我们没有经费做推广。所以只能靠每一个朋友们的扩散力量。大家看完后觉得不错的话，请帮我们转发，给周边的人宣传一下。谢谢！#好久不见，武汉#http://t.cn/A6L3Uv3f,0,0,0,04月27日
35,175,减肥小熊猫,“武汉太危险，最好你不要去”“是不是现在还有很多隐瞒的感染者？”我的日本朋友对武汉有很多偏见。我是作为住在中国的外国人，作为纪录片的导演，特别想去拍武汉，想给全世界介绍真实的武汉。于是我在微博上募集了可以接受我们拍摄的武汉人，然后一百多个人报名了，最后我们选择了十个人的故事。希望通过这部作品让更多的人了解现在的武汉。我们对这个作品有信心，但是我们没有经费做推广。所以只能靠每一个朋友们的扩散力量。大家看完后觉得不错的话，请帮我们转发，给周边的人宣传一下。谢谢！#好久不见，武汉#http://t.cn/A6L3Uv3f,0,0,0,04月27日
36,176,科技小奇,“武汉太危险，最好你不要去”“是不是现在还有很多隐瞒的感染者？”我的日本朋友对武汉有很多偏见。我是作为住在中国的外国人，作为纪录片的导演，特别想去拍武汉，想给全世界介绍真实的武汉。于是我在微博上募集了可以接受我们拍摄的武汉人，然后一百多个人报名了，最后我们选择了十个人的故事。希望通过这部作品让更多的人了解现在的武汉。我们对这个作品有信心，但是我们没有经费做推广。所以只能靠每一个朋友们的扩散力量。大家看完后觉得不错的话，请帮我们转发，给周边的人宣传一下。谢谢！#好久不见，武汉#http://t.cn/A6L3Uv3f,0,0,0,04月27日
37,177,某C童鞋,“武汉太危险，最好你不要去”“是不是现在还有很多隐瞒的感染者？”我的日本朋友对武汉有很多偏见。我是作为住在中国的外国人，作为纪录片的导演，特别想去拍武汉，想给全世界介绍真实的武汉。于是我在微博上募集了可以接受我们拍摄的武汉人，然后一百多个人报名了，最后我们选择了十个人的故事。希望通过这部作品让更多的人了解现在的武汉。我们对这个作品有信心，但是我们没有经费做推广。所以只能靠每一个朋友们的扩散力量。大家看完后觉得不错的话，请帮我们转发，给周边的人宣传一下。谢谢！#好久不见，武汉#http://t.cn/A6L3Uv3f,2,0,0,04月27日
38,178,豌豆尖tt,“武汉太危险，最好你不要去”“是不是现在还有很多隐瞒的感染者？”我的日本朋友对武汉有很多偏见。我是作为住在中国的外国人，作为纪录片的导演，特别想去拍武汉，想给全世界介绍真实的武汉。于是我在微博上募集了可以接受我们拍摄的武汉人，然后一百多个人报名了，最后我们选择了十个人的故事。希望通过这部作品让更多的人了解现在的武汉。我们对这个作品有信心，但是我们没有经费做推广。所以只能靠每一个朋友们的扩散力量。大家看完后觉得不错的话，请帮我们转发，给周边的人宣传一下。谢谢！#好久不见，武汉#http://t.cn/A6L3Uv3f,0,0,0,04月27日
39,179,小A家马甲,“武汉太危险，最好你不要去”“是不是现在还有很多隐瞒的感染者？”我的日本朋友对武汉有很多偏见。我是作为住在中国的外国人，作为纪录片的导演，特别想去拍武汉，想给全世界介绍真实的武汉。于是我在微博上募集了可以接受我们拍摄的武汉人，然后一百多个人报名了，最后我们选择了十个人的故事。希望通过这部作品让更多的人了解现在的武汉。我们对这个作品有信心，但是我们没有经费做推广。所以只能靠每一个朋友们的扩散力量。大家看完后觉得不错的话，请帮我们转发，给周边的人宣传一下。谢谢！#好久不见，武汉#http://t.cn/A6L3Uv3f,0,0,0,04月27日
40,180,七秒记忆的雨晴,“武汉太危险，最好你不要去”“是不是现在还有很多隐瞒的感染者？”我的日本朋友对武汉有很多偏见。我是作为住在中国的外国人，作为纪录片的导演，特别想去拍武汉，想给全世界介绍真实的武汉。于是我在微博上募集了可以接受我们拍摄的武汉人，然后一百多个人报名了，最后我们选择了十个人的故事。希望通过这部作品让更多的人了解现在的武汉。我们对这个作品有信心，但是我们没有经费做推广。所以只能靠每一个朋友们的扩散力量。大家看完后觉得不错的话，请帮我们转发，给周边的人宣传一下。谢谢！#好久不见，武汉#http://t.cn/A6L3Uv3f,0,1,0,04月27日
41,181,娱乐台YuLeTai,:武汉解封 陈奕天 助力湖北重启 祝福荆楚大地重回人间烟火气，提醒解封还是不能放松哦，防疫还是要做好。陈奕天工作室的微博视频,355,121,218,04月27日
42,182,陈奕天official,:武汉解封 陈奕天 助力湖北重启 祝福荆楚大地重回人间烟火气，提醒解封还是不能放松哦，防疫还是要做好。陈奕天工作室的微博视频,0,0,0,04月27日
43,183,闪闪的风,“武汉太危险，最好你不要去”“是不是现在还有很多隐瞒的感染者？”我的日本朋友对武汉有很多偏见。我是作为住在中国的外国人，作为纪录片的导演，特别想去拍武汉，想给全世界介绍真实的武汉。于是我在微博上募集了可以接受我们拍摄的武汉人，然后一百多个人报名了，最后我们选择了十个人的故事。希望通过这部作品让更多的人了解现在的武汉。我们对这个作品有信心，但是我们没有经费做推广。所以只能靠每一个朋友们的扩散力量。大家看完后觉得不错的话，请帮我们转发，给周边的人宣传一下。谢谢！#好久不见，武汉#http://t.cn/A6L3Uv3f,9,0,1,04月27日
44,184,wangdy0217,“武汉太危险，最好你不要去”“是不是现在还有很多隐瞒的感染者？”我的日本朋友对武汉有很多偏见。我是作为住在中国的外国人，作为纪录片的导演，特别想去拍武汉，想给全世界介绍真实的武汉。于是我在微博上募集了可以接受我们拍摄的武汉人，然后一百多个人报名了，最后我们选择了十个人的故事。希望通过这部作品让更多的人了解现在的武汉。我们对这个作品有信心，但是我们没有经费做推广。所以只能靠每一个朋友们的扩散力量。大家看完后觉得不错的话，请帮我们转发，给周边的人宣传一下。谢谢！#好久不见，武汉#http://t.cn/A6L3Uv3f,0,0,0,04月27日
45,185,小小Rin_,“武汉太危险，最好你不要去”“是不是现在还有很多隐瞒的感染者？”我的日本朋友对武汉有很多偏见。我是作为住在中国的外国人，作为纪录片的导演，特别想去拍武汉，想给全世界介绍真实的武汉。于是我在微博上募集了可以接受我们拍摄的武汉人，然后一百多个人报名了，最后我们选择了十个人的故事。希望通过这部作品让更多的人了解现在的武汉。我们对这个作品有信心，但是我们没有经费做推广。所以只能靠每一个朋友们的扩散力量。大家看完后觉得不错的话，请帮我们转发，给周边的人宣传一下。谢谢！#好久不见，武汉#http://t.cn/A6L3Uv3f,0,0,0,04月27日
46,186,且慢嘛,“武汉太危险，最好你不要去”“是不是现在还有很多隐瞒的感染者？”我的日本朋友对武汉有很多偏见。我是作为住在中国的外国人，作为纪录片的导演，特别想去拍武汉，想给全世界介绍真实的武汉。于是我在微博上募集了可以接受我们拍摄的武汉人，然后一百多个人报名了，最后我们选择了十个人的故事。希望通过这部作品让更多的人了解现在的武汉。我们对这个作品有信心，但是我们没有经费做推广。所以只能靠每一个朋友们的扩散力量。大家看完后觉得不错的话，请帮我们转发，给周边的人宣传一下。谢谢！#好久不见，武汉#http://t.cn/A6L3Uv3f,0,0,0,04月27日
47,187,xie-c在奈良,“武汉太危险，最好你不要去”“是不是现在还有很多隐瞒的感染者？”我的日本朋友对武汉有很多偏见。我是作为住在中国的外国人，作为纪录片的导演，特别想去拍武汉，想给全世界介绍真实的武汉。于是我在微博上募集了可以接受我们拍摄的武汉人，然后一百多个人报名了，最后我们选择了十个人的故事。希望通过这部作品让更多的人了解现在的武汉。我们对这个作品有信心，但是我们没有经费做推广。所以只能靠每一个朋友们的扩散力量。大家看完后觉得不错的话，请帮我们转发，给周边的人宣传一下。谢谢！#好久不见，武汉#http://t.cn/A6L3Uv3f,0,0,0,04月27日
48,188,Kalalei,“武汉太危险，最好你不要去”“是不是现在还有很多隐瞒的感染者？”我的日本朋友对武汉有很多偏见。我是作为住在中国的外国人，作为纪录片的导演，特别想去拍武汉，想给全世界介绍真实的武汉。于是我在微博上募集了可以接受我们拍摄的武汉人，然后一百多个人报名了，最后我们选择了十个人的故事。希望通过这部作品让更多的人了解现在的武汉。我们对这个作品有信心，但是我们没有经费做推广。所以只能靠每一个朋友们的扩散力量。大家看完后觉得不错的话，请帮我们转发，给周边的人宣传一下。谢谢！#好久不见，武汉#http://t.cn/A6L3Uv3f,0,0,0,04月27日
49,189,临水照幽人1209,“武汉太危险，最好你不要去”“是不是现在还有很多隐瞒的感染者？”我的日本朋友对武汉有很多偏见。我是作为住在中国的外国人，作为纪录片的导演，特别想去拍武汉，想给全世界介绍真实的武汉。于是我在微博上募集了可以接受我们拍摄的武汉人，然后一百多个人报名了，最后我们选择了十个人的故事。希望通过这部作品让更多的人了解现在的武汉。我们对这个作品有信心，但是我们没有经费做推广。所以只能靠每一个朋友们的扩散力量。大家看完后觉得不错的话，请帮我们转发，给周边的人宣传一下。谢谢！#好久不见，武汉#http://t.cn/A6L3Uv3f,0,0,0,04月26日
50,190,早睡早起追光的人,“武汉太危险，最好你不要去”“是不是现在还有很多隐瞒的感染者？”我的日本朋友对武汉有很多偏见。我是作为住在中国的外国人，作为纪录片的导演，特别想去拍武汉，想给全世界介绍真实的武汉。于是我在微博上募集了可以接受我们拍摄的武汉人，然后一百多个人报名了，最后我们选择了十个人的故事。希望通过这部作品让更多的人了解现在的武汉。我们对这个作品有信心，但是我们没有经费做推广。所以只能靠每一个朋友们的扩散力量。大家看完后觉得不错的话，请帮我们转发，给周边的人宣传一下。谢谢！#好久不见，武汉#http://t.cn/A6L3Uv3f,1,0,0,04月26日
51,191,Alisa倩er,:#湖北要做好秋冬可能出现疫情准备#湖北人自从1月23日“‭‮城封‬” 等了好久终于等到4月8日“解封”76天时间武汉重启！因为疫情我们承受心里、身体精神等压力. 火炉城市的武汉在炎热的夏季口罩就没摘下来过，捂着口罩脸上都长痘走路还喘不过来气. 大多数企业疫情影响倒闭、裁员. 多少人失业找不到工作. 房贷、车贷、一家老小需要照顾撑起家， 还要受到歧视.   此刻看见此热搜湖北要做好秋冬可能出现疫情准备. 而这只是湖北需要准备而不是全国的事情吗？  2020年太难了. 湖北难、大家都难，一起面对.,104,0,0,04月24日
52,192,媛远流长_87237,:3月29日，湖北除武汉市外解封两周之后，经单位批准，我从岳阳东乘高铁回广州。在高铁站出示湖北健康码、测体温、乘车，一切很顺利。回想起之前几天，江西九江与湖北黄梅在省界大桥上发生的群体冲突，瞬间觉得岳阳这座城市，对湖北人真的很好。在湖北本地高铁尚未恢复的时候，作为京广线上距湖北最近的城市，岳阳以开放包容的态度，在湖北最艰难的时期拉了湖北一把，积极接纳湖北人民，帮助湖北老乡渡过难关，在交通保障方面给与大力支持。同居洞庭畔，共饮长江水。恩情深长，永难相忘!,5,1,1,04月23日
53,193,amma0920,:#武汉日记##武汉#解封第七十七天，雨，22-24℃6月21日，武汉市各种新增均为0！被湖北日报的新闻震惊了，都已经6月22日了，湖北人去外省还有好多地方在实施隔离政策。七天之内的核酸结果只是小菜，万一去出差落地先隔离十四天。。本着不流动的原则，疫情以来，我连江岸区都没出过。不对，应该是还没去过两公里以外的地方。这是一种形式的自我隔离，也不关注其他省份对湖北人的政策是怎样的。所以才会震惊。新闻标题是，多地规定，湖北人抵境无须核酸检测。点进去看才发现，写出来的这几个地方仅仅是不集中隔离而已，只有几个地方不需要核酸检测而已。。。唉，继续自我隔离。http://t.cn/R2WxQOQ,1,0,4,04月22日
54,194,Smafll晗晗6,:武汉去任何地方都要隔离武汉回的(因为居委会说只有武汉的需要隔离，武汉过来有绿码和7天内核酸检测报告就不需要隔离，反之，隔离武汉。相比其他城市武汉显得更加的不同，那么武汉解封后去外地还需要进行隔离观察吗？ 根据不少省份的通知，4月8日起，湖北人出省是不需要隔离武汉的外地人员。 我自己也是从福建户籍不是重点 重点是1. 疫情期间有没有去过武汉 2. 是不是刚从国外回来 任意一点来上海都要隔离武汉 作为一个土生土长的武汉人，自我隔离隔离需要去隔离点隔离户口，我估计主要是为了房子和孩子。呃，除此之外户口武汉出生的在北京长大的持有安徽户籍的福建莆田人，现在在武汉读书。从出生开始就基本上没怎么在福建http://t.cn/A6ZX3WDr,0,0,0,04月21日
55,195,袁毕加,:武汉解封 陈奕天 助力湖北重启 祝福荆楚大地重回人间烟火气，提醒解封还是不能放松哦，防疫还是要做好。陈奕天工作室的微博视频,0,0,0,04月21日
56,196,程程说八卦,:武汉解封 陈奕天 助力湖北重启 祝福荆楚大地重回人间烟火气，提醒解封还是不能放松哦，防疫还是要做好。陈奕天工作室的微博视频,0,0,0,04月21日
57,197,陈奕天全球后援会,:武汉解封 陈奕天 助力湖北重启 祝福荆楚大地重回人间烟火气，提醒解封还是不能放松哦，防疫还是要做好。陈奕天工作室的微博视频,0,0,0,04月21日
58,198,娱乐影视动态,:武汉解封 陈奕天 助力湖北重启 祝福荆楚大地重回人间烟火气，提醒解封还是不能放松哦，防疫还是要做好。陈奕天工作室的微博视频,0,0,0,04月21日
59,199,明星八卦动态,:武汉解封 陈奕天 助力湖北重启 祝福荆楚大地重回人间烟火气，提醒解封还是不能放松哦，防疫还是要做好。陈奕天工作室的微博视频,23,1,42,04月21日
60,200,天天聊天天,:武汉解封 陈奕天 助力湖北重启 祝福荆楚大地重回人间烟火气，提醒解封还是不能放松哦，防疫还是要做好。陈奕天工作室的微博视频,0,0,0,04月21日
61,201,娱乐明星百家谈,:武汉解封 陈奕天 助力湖北重启 祝福荆楚大地重回人间烟火气，提醒解封还是不能放松哦，防疫还是要做好。陈奕天工作室的微博视频,0,0,0,04月21日
62,202,亚洲传媒香港官方微博,:武汉解封 陈奕天 助力湖北重启 祝福荆楚大地重回人间烟火气，提醒解封还是不能放松哦，防疫还是要做好。陈奕天工作室的微博视频,0,0,0,04月21日
63,203,娱乐台YuLeTai,:武汉解封 陈奕天 助力湖北重启 祝福荆楚大地重回人间烟火气，提醒解封还是不能放松哦，防疫还是要做好。陈奕天工作室的微博视频,0,0,0,04月21日
64,204,爱豆歌曲大放送,:武汉解封 陈奕天 助力湖北重启 祝福荆楚大地重回人间烟火气，提醒解封还是不能放松哦，防疫还是要做好。陈奕天工作室的微博视频,0,0,0,04月21日
65,205,密秘蜜少爷,:炸酱面，热干面来了！http://t.cn/A6LKywGg，,1,0,0,04月21日
66,206,乒乓世界TTW,:曾经是方舱，现在是赛场，武汉又见乒乓6月20日，“向英雄致敬”2020武汉乒乓球邀请赛在武汉体育馆开赛。这次比赛是湖北省武汉市应急响应级别由二级调整降低至三级后举办的首场线下正式比赛，也是武汉“解封”后举办的第一场正式线下体育赛事。共有10支球队的234名选手参加了本次比赛，他们来自武汉市各条战线——在抗疫期间作出突出贡献的医护人员、解放军和武警、公安干警、社区工作者、志愿者、快递小哥、机关下沉干部、爱心企业、抗疫建设者。此次比赛所在地武汉体育馆，在三个多月前，它有着另外一个名字——硚口方舱医院。共收治过患者330人，累计重症转诊人数32人，累计治愈出院人数232人。本次比赛由武汉市体育局主办，武汉市乒乓球协会，长江日报城市研究院，武汉体育馆和武汉市全民健身中心联合承办。,189,13,36,04月20日
67,207,紫枫雨雪,【#国家卫健委回应离京出差被要求隔离#】目前，离京人员持有离京前7日内核酸检测阴性证明，或出示包括核酸检测阴性证明的健康码，到达目的地后，体温正常且做好个人防护，可自由有序流动。#各地方不应针对检测阴性离京人员设限#。针对一些因特殊情况，在离京前没来及进行核酸检测的人员，到达目的地后，应进行核酸检测，检测阴性，体温正常且做好个人防护的，也可自由流动。http://t.cn/A6L6kLex,0,0,0,04月19日
68,208,顺道劫个色,【#国家卫健委回应离京出差被要求隔离#】目前，离京人员持有离京前7日内核酸检测阴性证明，或出示包括核酸检测阴性证明的健康码，到达目的地后，体温正常且做好个人防护，可自由有序流动。#各地方不应针对检测阴性离京人员设限#。针对一些因特殊情况，在离京前没来及进行核酸检测的人员，到达目的地后，应进行核酸检测，检测阴性，体温正常且做好个人防护的，也可自由流动。http://t.cn/A6L6kLex,0,0,0,04月19日
69,209,整形医生王海平,:#双眼皮[超话]##双眼皮修复#湖北荆门人，武汉解封后立马赶过来面诊，此次是第二次修复了，眼睛改窄 内折 提肌处理后看着年轻多了。#双眼皮案例#,9,1,3,04月19日
70,210,浪子在望,【#国家卫健委回应离京出差被要求隔离#】目前，离京人员持有离京前7日内核酸检测阴性证明，或出示包括核酸检测阴性证明的健康码，到达目的地后，体温正常且做好个人防护，可自由有序流动。#各地方不应针对检测阴性离京人员设限#。针对一些因特殊情况，在离京前没来及进行核酸检测的人员，到达目的地后，应进行核酸检测，检测阴性，体温正常且做好个人防护的，也可自由流动。http://t.cn/A6L6kLex,1,0,0,04月19日
71,211,这破事火了,:湖北武汉解封第一天街头另类景观，多日不见人的黄鼠狼不再怕人，饿得四处向路人要吃的。,1,0,0,04月18日
72,212,纸砚048664,:快递都是说不收湖北件。邮政和顺丰湖北不发，发顺丰可以吗？不发，邮政呢？也不发。敢情武汉不解封湖北其他市区还不发货了吧！我们都已经解封了好不好，快递湖北省枣阳市下面的小县城） 发的是顺丰快递 据我所知 湖北的快递 顺丰快递企业的相关负责人纷纷立下“军令状”，表示要全力恢复湖北快递业的“战斗力”。如今，湖北快递业恢复湖北两个多月了，带来的护肤品都用完了。为了收快递，我在2月20左右分别下单了京东（当时显示2... 淘宝（ems一直揽收中），唯品会（满88顺丰湖北襄阳的 EMS是通的 我昨天还拿到快递顺丰上市的那一刻起，顺丰再也不是当年的顺丰，从此一生顺丰黑！ 今年双11买了一个手机，看到顺丰包邮后，还是认为快递应该很快就会到手，但是3天后，快递http://t.cn/A62TEoPj,0,0,0,04月16日
73,213,櫻木萌在神社扫落叶,#苏州爆料#【#江苏新增无症状感染者自述行动轨迹#：从湖北黄石到太仓，全程戴了口罩】江苏省卫生健康委员会最新通报：6月15日，江苏新增省外输入无症状感染者1例。该无症状感染者说，他是从湖北黄石出发到苏州太仓，全程戴了口罩，平时密切接触的工友核酸检测是阴性。一手video的秒拍视频,10,4,20,04月16日
74,214,Tracy_50791,#苏州爆料#【#江苏新增无症状感染者自述行动轨迹#：从湖北黄石到太仓，全程戴了口罩】江苏省卫生健康委员会最新通报：6月15日，江苏新增省外输入无症状感染者1例。该无症状感染者说，他是从湖北黄石出发到苏州太仓，全程戴了口罩，平时密切接触的工友核酸检测是阴性。一手video的秒拍视频,0,5,0,04月16日
75,215,魔都小市民vive,#苏州爆料#【#江苏新增无症状感染者自述行动轨迹#：从湖北黄石到太仓，全程戴了口罩】江苏省卫生健康委员会最新通报：6月15日，江苏新增省外输入无症状感染者1例。该无症状感染者说，他是从湖北黄石出发到苏州太仓，全程戴了口罩，平时密切接触的工友核酸检测是阴性。一手video的秒拍视频,1,0,0,04月16日
76,216,天山游侠00439,#苏州爆料#【#江苏新增无症状感染者自述行动轨迹#：从湖北黄石到太仓，全程戴了口罩】江苏省卫生健康委员会最新通报：6月15日，江苏新增省外输入无症状感染者1例。该无症状感染者说，他是从湖北黄石出发到苏州太仓，全程戴了口罩，平时密切接触的工友核酸检测是阴性。一手video的秒拍视频,0,0,0,04月16日
77,217,奇奇酱盐一脸,#苏州爆料#【#江苏新增无症状感染者自述行动轨迹#：从湖北黄石到太仓，全程戴了口罩】江苏省卫生健康委员会最新通报：6月15日，江苏新增省外输入无症状感染者1例。该无症状感染者说，他是从湖北黄石出发到苏州太仓，全程戴了口罩，平时密切接触的工友核酸检测是阴性。一手video的秒拍视频,0,12,0,04月16日
78,218,晓风残月的凌乱,:#北京疫情#我想起前几天招聘的时候，有个求职者说她一直找不到工作，因为那些公司一听她是湖北的就不要她，我说为什么啊，湖北不是解封了吗？她说，对啊，是解封了，但是。。。大家当时都在喊武汉加油，湖北加油，中国加油，现在北京出现疫情，有了湖北的前车之鉴，我相信我们一定可以克服，所以不要攻击北京的小伙伴了可以吗？http://t.cn/RDUnNFD,1,0,0,04月16日
79,219,mobile_watcher,:江西是个好地方啊，人才辈出，前有九江人跑到我们湖北来强制执法，明明我们湖北省除武汉市已经解封，九江人非得对我们湖北人人为设置障碍，这次换作宜春市，对我们荆门的企业家李威威先是监视居住，然后再就是KUASHENG追捕，江西老表可以的，最美风景线。,1,0,1,04月15日
80,220,程程说八卦,:#武汉解封#@陈奕天助力湖北重启 祝福荆楚大地重回人间烟火气，提醒解封还是不能放松哦，防疫还是要做好。陈奕天工作室的微博视频,0,0,0,04月15日
81,221,陈奕天全球后援会,:#武汉解封#@陈奕天助力湖北重启 祝福荆楚大地重回人间烟火气，提醒解封还是不能放松哦，防疫还是要做好。陈奕天工作室的微博视频,0,0,0,04月15日
82,222,明星娱乐动态追踪,:#武汉解封#@陈奕天助力湖北重启 祝福荆楚大地重回人间烟火气，提醒解封还是不能放松哦，防疫还是要做好。陈奕天工作室的微博视频,0,0,0,04月15日
83,223,烧箕垸,【投票：#湖北省五家省级公共文化场馆恢复开放#，你最想去哪？】14日，湖北省博物馆、湖北省图书馆、辛亥革命武昌起义纪念馆、湖北美术馆、湖北省群艺馆五家省级公共文化场馆恢复开放，社会公众可通过预约方式有序进馆参观。五家场馆你最想去哪里？(长江日报） 投票：湖北省五家省级公共文化场馆恢复开放，你最想去哪？,0,0,0,04月15日
84,224,大明星八卦动态,:#武汉解封#@陈奕天助力湖北重启 祝福荆楚大地重回人间烟火气，提醒解封还是不能放松哦，防疫还是要做好。陈奕天工作室的微博视频,0,0,0,04月15日
85,225,娱乐台八卦追踪,:#武汉解封#@陈奕天助力湖北重启 祝福荆楚大地重回人间烟火气，提醒解封还是不能放松哦，防疫还是要做好。陈奕天工作室的微博视频,0,0,0,04月15日
86,226,天天聊天天,:#武汉解封#@陈奕天助力湖北重启 祝福荆楚大地重回人间烟火气，提醒解封还是不能放松哦，防疫还是要做好。陈奕天工作室的微博视频,0,0,0,04月15日
87,227,陈奕,:#武汉解封#@陈奕天助力湖北重启 祝福荆楚大地重回人间烟火气，提醒解封还是不能放松哦，防疫还是要做好。陈奕天工作室的微博视频,0,0,0,04月15日
88,228,爱豆歌曲大放送,:#武汉解封#@陈奕天助力湖北重启 祝福荆楚大地重回人间烟火气，提醒解封还是不能放松哦，防疫还是要做好。陈奕天工作室的微博视频,0,0,0,04月15日
89,229,陈奕天official,:#武汉解封#@陈奕天助力湖北重启 祝福荆楚大地重回人间烟火气，提醒解封还是不能放松哦，防疫还是要做好。陈奕天工作室的微博视频,0,0,0,04月15日
90,230,愛喝香草味可樂的胖胖,#北京新增36例确诊#【#31省区市新增57例确诊#】6月13日0—24时，31个省（自治区、直辖市）和新疆生产建设兵团报告新增确诊病例57例，其中境外输入病例19例（广东17例，上海1例，重庆1例），本土病例38例（北京36例，辽宁2例）；无新增死亡病例；新增疑似病例1例，为境外输入病例（上海1例）。当日新增治愈出院病例2例，解除医学观察的密切接触者542人，重症病例1例。境外输入现有确诊病例83例（无重症病例），现有疑似病例2例。累计确诊病例1827例，累计治愈出院病例1744例，无死亡病例。截至6月13日24时，据31个省（自治区、直辖市）和新疆生产建设兵团报告，现有确诊病例129例（其中重症病例1例），累计治愈出院病例78369例，累计死亡病例4634例，累计报告确诊病例83132例，现有疑似病例2例。累计追踪到密切接触者752087人，尚在医学观察的密切接触者3358人。31个省（自治区、直辖市）和新疆生产建设兵团报告新增无症状感染者9例（境外输入6例）；当日转为确诊病例2例（无境外输入）；当日解除医学观察2例（境外输入1例）；尚在医学观察无症状感染者103例（境外输入53例）。累计收到港澳台地区通报确诊病例1597例。其中，香港特别行政区1109例（出院1061例，死亡4例），澳门特别行政区45例（出院45例），台湾地区443例（出院431例，死亡7例）。,0,0,0,04月14日
91,231,萝菠大刘,#北京新增36例确诊#【#31省区市新增57例确诊#】6月13日0—24时，31个省（自治区、直辖市）和新疆生产建设兵团报告新增确诊病例57例，其中境外输入病例19例（广东17例，上海1例，重庆1例），本土病例38例（北京36例，辽宁2例）；无新增死亡病例；新增疑似病例1例，为境外输入病例（上海1例）。当日新增治愈出院病例2例，解除医学观察的密切接触者542人，重症病例1例。境外输入现有确诊病例83例（无重症病例），现有疑似病例2例。累计确诊病例1827例，累计治愈出院病例1744例，无死亡病例。截至6月13日24时，据31个省（自治区、直辖市）和新疆生产建设兵团报告，现有确诊病例129例（其中重症病例1例），累计治愈出院病例78369例，累计死亡病例4634例，累计报告确诊病例83132例，现有疑似病例2例。累计追踪到密切接触者752087人，尚在医学观察的密切接触者3358人。31个省（自治区、直辖市）和新疆生产建设兵团报告新增无症状感染者9例（境外输入6例）；当日转为确诊病例2例（无境外输入）；当日解除医学观察2例（境外输入1例）；尚在医学观察无症状感染者103例（境外输入53例）。累计收到港澳台地区通报确诊病例1597例。其中，香港特别行政区1109例（出院1061例，死亡4例），澳门特别行政区45例（出院45例），台湾地区443例（出院431例，死亡7例）。,0,0,0,04月14日
92,232,尘心阵亡,:我真心觉得国家应该给李佳琦和薇娅为扶贫和赈灾做的工作颁奖。两个人的公益直播带货不知道多少场。湖北解封之后连续N天都是湖北专场、武汉专场，这些天的扶贫专场更是全国各地跑。别看他们就是淘宝主播，他们做的事多少名人都做不到。,4,0,0,04月13日
93,233,无风无雨不即不离,:#助力武汉 为湖北特产带货#,2,0,0,04月12日
94,234,袁毕加,:#武汉解封#@陈奕天助力湖北重启 祝福荆楚大地重回人间烟火气，提醒解封还是不能放松哦，防疫还是要做好。陈奕天工作室的微博视频,0,0,0,04月12日
95,235,芒果最八卦,:#武汉解封#@陈奕天助力湖北重启 祝福荆楚大地重回人间烟火气，提醒解封还是不能放松哦，防疫还是要做好。陈奕天工作室的微博视频,0,0,0,04月12日
96,236,陈奕天全球后援会,:#武汉解封#@陈奕天助力湖北重启 祝福荆楚大地重回人间烟火气，提醒解封还是不能放松哦，防疫还是要做好。陈奕天工作室的微博视频,0,0,0,04月12日
97,237,娱乐影视动态,:#武汉解封#@陈奕天助力湖北重启 祝福荆楚大地重回人间烟火气，提醒解封还是不能放松哦，防疫还是要做好。陈奕天工作室的微博视频,0,0,0,04月12日
98,238,文文讲娱乐,:#武汉解封#@陈奕天助力湖北重启 祝福荆楚大地重回人间烟火气，提醒解封还是不能放松哦，防疫还是要做好。陈奕天工作室的微博视频,0,0,0,04月12日
99,239,天天聊天天,:#武汉解封#@陈奕天助力湖北重启 祝福荆楚大地重回人间烟火气，提醒解封还是不能放松哦，防疫还是要做好。陈奕天工作室的微博视频,0,0,0,04月12日
100,240,守护娱乐明星,:#武汉解封#@陈奕天助力湖北重启 祝福荆楚大地重回人间烟火气，提醒解封还是不能放松哦，防疫还是要做好。陈奕天工作室的微博视频,0,0,0,04月12日
101,241,陈奕天歌友会,:#武汉解封#@陈奕天助力湖北重启 祝福荆楚大地重回人间烟火气，提醒解封还是不能放松哦，防疫还是要做好。陈奕天工作室的微博视频,0,0,0,04月12日
102,242,亚洲传媒香港官方微博,:#武汉解封#@陈奕天助力湖北重启 祝福荆楚大地重回人间烟火气，提醒解封还是不能放松哦，防疫还是要做好。陈奕天工作室的微博视频,0,0,0,04月12日
103,243,天天开聊,:#武汉解封#@陈奕天助力湖北重启 祝福荆楚大地重回人间烟火气，提醒解封还是不能放松哦，防疫还是要做好。陈奕天工作室的微博视频,0,0,0,04月12日
104,244,爱豆歌曲大放送,:#武汉解封#@陈奕天助力湖北重启 祝福荆楚大地重回人间烟火气，提醒解封还是不能放松哦，防疫还是要做好。陈奕天工作室的微博视频,0,0,0,04月12日
105,245,陈奕天official,:#武汉解封#@陈奕天助力湖北重启 祝福荆楚大地重回人间烟火气，提醒解封还是不能放松哦，防疫还是要做好。陈奕天工作室的微博视频,0,0,0,04月12日
106,246,湖北电视台官方微博,:#新闻看点#4月8号，“武汉解封”成为全网热点，新浪新闻联合新华网、湖北电视综合频道共同发起公益活动，独家策划公益画册《2020我想说：谢谢你》，收录抗疫期间医护人员在一线的新闻照片，并在5月下旬，将1本手... 谢谢你！ 抗疫一线珍贵画册送给最可爱的人,1,0,0,04月11日
107,247,___________aaaaaaaaa,:#澳门解封#湖北人76天都可以出门不用隔离了。广东隔离政策出来都70天了吧。人家武汉现在都可以出门旅游了，澳门居民住在内地的。连家都回不了。越想越心塞,1,0,0,04月11日
108,248,原装超级超,:今天是2020年6月7日下午小区解封了！前有湖北江城后有北国江城吉林市接力真真切切的体验了一把武汉封城封小区带来的不便和诸多问题！胜利✌ 继续加油！！！,2,0,3,04月11日
109,249,张欧亚,:湖北烟花气，，，武汉封城之后，第一次跨越市界———4月8日，武汉解封当夜，我到过武黄高速收费站，并跨越了武汉界线———但那日，我是把车停在武汉界内，步行跨越收费站，，，有些象征性，，，今天这次是，第一次实质性意义的离开武汉，走向两百个将军的同一个故乡,49,23,20,04月11日
110,250,杨露啊吧Hannah,:湖北地区快件收寄的相关说明如下： 1、湖北寄出：支持寄顺丰标快，顺丰特惠 2、寄往湖北：支持寄顺丰湖北不发，发顺丰可以吗？不发，邮政呢？也不发。敢情武汉不解封湖北其他市区还不发货了吧！我们都已经解封了好不好，快递快递企业的相关负责人纷纷立下“军令状”，表示要全力恢复湖北快递业的“战斗力”。如今，湖北快递业恢复顺丰：莆田——温州 普通快递公司：莆田——泉州（或福州）——义乌——温州 愣货快递公司：莆田——福州——杭州——温州 二逼快递顺丰快递实现了单月业务同比增加40.45%，月营收超百亿的战绩。 ▲顺丰航空在这次疫情中战绩彪炳... ▲顺丰速运创始人王卫 为什么顺丰能赢得这次突围战的胜利？ 当一切恢复http://t.cn/A62TEoPj,0,0,0,04月11日
111,251,向儿葵的花儿,:#首批湖北籍大学生搭高铁返京#武汉解封那么久了，全民核酸检测也结束了，可是浙江义乌嘴上功夫厉害，嘴上喊武汉加油，湖北加油，实际上大搞地域歧视，昨晚去义乌考察市场进点货，辛苦了一晚上在义乌哪里找宾馆酒店住宿，可是浙江义乌所有酒店宾馆对来自武汉人员拒绝接待，有湖北健康码绿码，做过核酸检测也不行，义乌势利眼！,9,0,0,04月11日
112,252,向儿葵的花儿,:#武汉[超话]#武汉解封那么久了，湖北疫情也早就搞得差不多了，国内疫情控制差不多了，武汉全民核酸检测结果也出来了，武汉很安全，有些地方政府嘴上功夫特别厉害，嘴里喊武汉加油，湖北加油，可实际呢，说一套做一套，人面蛇心，浙江义乌，湖北健康码不认可，还有已经在武汉做过核酸检测了，到浙江义乌看下市场，准备批发点小商品回去摆地摊，辛苦忙活了一晚上准备找个地方休息下，遇见了一个很尴尬事情，义乌所有酒店宾馆不接待武汉人,2,0,0,04月11日
113,253,向儿葵的花儿,:#文旅部提醒切勿前往澳大利亚旅游#武汉解封那么久了，湖北疫情也早就搞得差不多了，国内疫情控制差不多了，武汉全民核酸检测结果也出来了，武汉很安全，有些地方政府嘴上功夫特别厉害，嘴里喊武汉加油，湖北加油，可实际呢，说一套做一套，人面蛇心，浙江义乌，湖北健康码不认可，还有已经在武汉做过核酸检测了，到浙江义乌看下市场，准备批发点小商品回去摆地摊，辛苦忙活了一晚上准备找个地方休息下，遇见了一个很尴尬事情，义乌所有酒店宾馆不接待武汉人,5,0,0,04月11日
114,254,一个不会飞的空乘,:#北京解除湖北人员进京限制#武汉小区什么时候能解封,4,0,4,04月11日
115,255,岳升杰家庭教育指导师,:(3778)“武汉胜则湖北胜，湖北胜则全国胜”经过76天的奋战，武汉于4月8日解封，这标志着“武汉保卫战”“中国阻击战”取得决定性胜利。抗击疫情的胜利，让我做为一名中国公民和中共党员感到无比自豪，同时，以钟南山、李兰娟、张伯礼等院士为代表的“老头儿”“老太太”“老黄忠”“老英雄”让我深受启发、倍受鼓舞。,1,0,0,04月11日
116,256,娱乐影视动态,:#武汉解封#@陈奕天助力湖北重启 祝福荆楚大地重回人间烟火气，提醒解封还是不能放松哦，防疫还是要做好。陈奕天工作室的微博视频,0,0,0,04月11日
117,257,大明星八卦动态,:#武汉解封#@陈奕天助力湖北重启 祝福荆楚大地重回人间烟火气，提醒解封还是不能放松哦，防疫还是要做好。陈奕天工作室的微博视频,0,0,0,04月11日
118,258,社保问答网,":武汉社保疫情期间产检和生产都回湖北老家进行的费用怎么报销？疫情期间产检和以后生产准备回湖北老家，社保在武汉缴纳，怎么报销？,疫情期间在老家产检，解封之后来武汉了，9月份准备回老家生产，在武汉缴纳的社保，这种情况产检和生产费可以报销吗？报销需要提供什么资料，具体流程是什么？详解：http://t.cn/A62Q7h1c",0,0,0,04月11日
119,259,娱乐台八卦追踪,:#武汉解封#@陈奕天助力湖北重启 祝福荆楚大地重回人间烟火气，提醒解封还是不能放松哦，防疫还是要做好。陈奕天工作室的微博视频,0,0,0,04月11日
120,260,Fx程者0_e,:湖北6000多万的人口，6万多确诊病例，还有99.99%的人是健康的。湖北1月25日全面封省，3月25日除武汉外的湖北其它城市解封。“封城”不是什么伟大的壮举，更不是什么经验，而是对前期防控失误和失败的无奈补救，是前期失败的恶果和苦果。湖北到底经历了什么？,5,2,0,04月11日
121,261,守护娱乐明星,:#武汉解封#@陈奕天助力湖北重启 祝福荆楚大地重回人间烟火气，提醒解封还是不能放松哦，防疫还是要做好。陈奕天工作室的微博视频,0,0,0,04月11日
122,262,亚洲传媒香港官方微博,:#武汉解封#@陈奕天助力湖北重启 祝福荆楚大地重回人间烟火气，提醒解封还是不能放松哦，防疫还是要做好。陈奕天工作室的微博视频,0,0,0,04月11日
123,263,娱乐台YuLeTai,:#武汉解封#@陈奕天助力湖北重启 祝福荆楚大地重回人间烟火气，提醒解封还是不能放松哦，防疫还是要做好。陈奕天工作室的微博视频,0,0,0,04月13日
124,264,天天开聊,:#武汉解封#@陈奕天助力湖北重启 祝福荆楚大地重回人间烟火气，提醒解封还是不能放松哦，防疫还是要做好。陈奕天工作室的微博视频,0,0,0,04月13日
125,265,爱豆歌曲大放送,:#武汉解封#@陈奕天助力湖北重启 祝福荆楚大地重回人间烟火气，提醒解封还是不能放松哦，防疫还是要做好。陈奕天工作室的微博视频,0,0,0,04月13日
126,266,陈奕天official,:#武汉解封#@陈奕天助力湖北重启 祝福荆楚大地重回人间烟火气，提醒解封还是不能放松哦，防疫还是要做好。陈奕天工作室的微博视频,0,0,0,04月13日
127,267,用户1235691567_7778,:武汉的家病死，湖北除武汉都0增长了，我所在的城市病例快清零，为什么不放行?他说，没办法，湖北解封了。 顺序是： 1、沿海工业不严重城市（等不起） 2、北京及大城市周边... 5、北京、上海、广州、深圳（不敢马虎，毕竟里面住的人不同） 6、湖北除去武汉外湖北是疫情重灾区，确实应该以更严格的标准来判断是否能解封，目前除武汉外，湖北其他城市时候能解封。但预测要2月二十几号才有戏，不行的话估计要3月初才能解封，2月14号解封可能性很小。至于武汉，闭着眼睛都知道要封到3月份了，湖北省非武汉湖北不是只有一个武汉、难道周边城市就不配得到关注吗？考虑过周边疫情轻的地方逐步解封http://t.cn/A67NakaJ,0,0,0,04月13日
128,268,芒果最八卦,:#武汉解封#@陈奕天助力湖北重启 祝福荆楚大地重回人间烟火气，提醒解封还是不能放松哦，防疫还是要做好。陈奕天工作室的微博视频,0,0,0,04月13日
129,269,娱乐影视动态,:#武汉解封#@陈奕天助力湖北重启 祝福荆楚大地重回人间烟火气，提醒解封还是不能放松哦，防疫还是要做好。陈奕天工作室的微博视频,0,0,0,04月13日
130,270,明星娱乐动态追踪,:#武汉解封#@陈奕天助力湖北重启 祝福荆楚大地重回人间烟火气，提醒解封还是不能放松哦，防疫还是要做好。陈奕天工作室的微博视频,0,0,0,04月13日
131,271,大明星八卦动态,:#武汉解封#@陈奕天助力湖北重启 祝福荆楚大地重回人间烟火气，提醒解封还是不能放松哦，防疫还是要做好。陈奕天工作室的微博视频,0,0,0,04月13日
132,272,天天聊天天,:#武汉解封#@陈奕天助力湖北重启 祝福荆楚大地重回人间烟火气，提醒解封还是不能放松哦，防疫还是要做好。陈奕天工作室的微博视频,0,0,0,04月13日
133,273,娱乐明星百家谈,:#武汉解封#@陈奕天助力湖北重启 祝福荆楚大地重回人间烟火气，提醒解封还是不能放松哦，防疫还是要做好。陈奕天工作室的微博视频,0,0,0,04月13日
134,274,守护娱乐明星,:#武汉解封#@陈奕天助力湖北重启 祝福荆楚大地重回人间烟火气，提醒解封还是不能放松哦，防疫还是要做好。陈奕天工作室的微博视频,0,0,0,04月13日
135,275,鲁建华定位,#主播说联播#【#不要区别对待来自武汉的同胞#】#武汉近990万人接受核酸检测无确诊#，如果把武汉看成一个人，这次核酸检测结果就是阴性，武汉很安全。有人可能说，花9亿元检测出300个无症状感染者值不值？能换来大家安心就值！如果大家看到这个结果能真的安心，对来自武汉的同胞不再区别对待，就真值了！http://t.cn/A62Oqtua,1,0,0,04月13日
136,276,陈奕天歌友会,:#武汉解封#@陈奕天助力湖北重启 祝福荆楚大地重回人间烟火气，提醒解封还是不能放松哦，防疫还是要做好。陈奕天工作室的微博视频,0,0,0,04月13日
137,277,娱乐台YuLeTai,:#武汉解封#@陈奕天助力湖北重启 祝福荆楚大地重回人间烟火气，提醒解封还是不能放松哦，防疫还是要做好。陈奕天工作室的微博视频,0,0,0,04月13日
138,278,张宏文zhw,【转给更多人！#李兰娟说武汉市是安全的武汉人是健康的#】李兰娟：武汉市核酸检测已经做到了全覆盖，这在全世界都是极为罕见的一件大事。通过核酸检测，查出了300名无症状感染者，检出率仅仅为十万分之三！武汉是安全的，出来的武汉人也都是健康的。无症状携带者都已经隔离了。我们对武汉的人要更加地关爱，更加地支持。http://t.cn/A620oMTu,4,0,0,04月13日
139,279,扬姐7087,:#武汉首次无症状者零新增##武汉头条#关于武汉的一些数字：2020.1.23（腊月二十九）上午武汉封城2020.2.10 （正月十七）武汉学生开始上网课2020.2.11 武汉所有小区实行封闭管理，团购开始2020.4.8 武汉解封，主要指火车站，汽车站，进出武汉通道（共76天）湖北绿码开始实施2020.5.14  武汉开启全民免费核酸检测2020.3.18新增为0，确诊为0，疑似为02020.4.1国家开始公布无症状感染病例2020.5.6武汉高三开学，7.6高考2020.5.20 武汉初三开学 7.20中考http://t.cn/z8LGanX,2,0,0,04月13日
140,280,大明星八卦动态,:武汉解封 陈奕天 助力湖北重启 祝福荆楚大地重回人间烟火气，提醒解封还是不能放松哦，防疫还是要做好。陈奕天工作室的微博视频,0,0,0,04月13日
141,281,明星八卦动态,:武汉解封 陈奕天 助力湖北重启 祝福荆楚大地重回人间烟火气，提醒解封还是不能放松哦，防疫还是要做好。陈奕天工作室的微博视频,1,0,0,04月13日
142,282,娱乐台八卦追踪,:武汉解封 陈奕天 助力湖北重启 祝福荆楚大地重回人间烟火气，提醒解封还是不能放松哦，防疫还是要做好。陈奕天工作室的微博视频,0,0,0,04月13日
143,283,陈奕天official,:武汉解封 陈奕天 助力湖北重启 祝福荆楚大地重回人间烟火气，提醒解封还是不能放松哦，防疫还是要做好。陈奕天工作室的微博视频,0,0,0,04月13日
144,284,文文讲娱乐,:武汉解封 陈奕天 助力湖北重启 祝福荆楚大地重回人间烟火气，提醒解封还是不能放松哦，防疫还是要做好。陈奕天工作室的微博视频,0,0,0,04月13日
145,285,陈奕天家的芳蕤,:武汉解封 陈奕天 助力湖北重启 祝福荆楚大地重回人间烟火气，提醒解封还是不能放松哦，防疫还是要做好。陈奕天工作室的微博视频,0,0,0,04月13日
146,286,陈奕天家的安筠,:武汉解封 陈奕天 助力湖北重启 祝福荆楚大地重回人间烟火气，提醒解封还是不能放松哦，防疫还是要做好。陈奕天工作室的微博视频,0,0,0,04月13日
147,287,天天聊天天,:武汉解封 陈奕天 助力湖北重启 祝福荆楚大地重回人间烟火气，提醒解封还是不能放松哦，防疫还是要做好。陈奕天工作室的微博视频,0,0,0,04月13日
148,288,陈奕,:武汉解封 陈奕天 助力湖北重启 祝福荆楚大地重回人间烟火气，提醒解封还是不能放松哦，防疫还是要做好。陈奕天工作室的微博视频,1,0,0,04月13日
149,289,娱乐明星百家谈,:武汉解封 陈奕天 助力湖北重启 祝福荆楚大地重回人间烟火气，提醒解封还是不能放松哦，防疫还是要做好。陈奕天工作室的微博视频,0,0,0,04月01日
150,290,守护娱乐明星,:武汉解封 陈奕天 助力湖北重启 祝福荆楚大地重回人间烟火气，提醒解封还是不能放松哦，防疫还是要做好。陈奕天工作室的微博视频,0,0,0,04月01日
151,291,陈奕天歌友会,:武汉解封 陈奕天 助力湖北重启 祝福荆楚大地重回人间烟火气，提醒解封还是不能放松哦，防疫还是要做好。陈奕天工作室的微博视频,0,0,0,04月01日
152,292,亚洲传媒香港官方微博,:武汉解封 陈奕天 助力湖北重启 祝福荆楚大地重回人间烟火气，提醒解封还是不能放松哦，防疫还是要做好。陈奕天工作室的微博视频,0,0,0,04月01日
153,293,娱乐台YuLeTai,:武汉解封 陈奕天 助力湖北重启 祝福荆楚大地重回人间烟火气，提醒解封还是不能放松哦，防疫还是要做好。陈奕天工作室的微博视频,0,0,0,04月01日
154,294,天天开聊,:武汉解封 陈奕天 助力湖北重启 祝福荆楚大地重回人间烟火气，提醒解封还是不能放松哦，防疫还是要做好。陈奕天工作室的微博视频,0,0,0,04月01日
155,295,爱豆歌曲大放送,:武汉解封 陈奕天 助力湖北重启 祝福荆楚大地重回人间烟火气，提醒解封还是不能放松哦，防疫还是要做好。陈奕天工作室的微博视频,0,0,0,04月01日
156,296,天睿文传,:武汉解封 陈奕天 助力湖北重启 祝福荆楚大地重回人间烟火气，提醒解封还是不能放松哦，防疫还是要做好。陈奕天工作室的微博视频,0,0,0,04月01日
157,297,湯粒粒_丶lilikhUn,:#湖北什么时候解封#黄冈罗田已经第14天0增长了 还要关我们到什么时候  整个湖北市就陪一个武汉省关关关,0,0,0,04月01日
158,298,河南视角,:【解“封”春讯到来时，含泪听蔡徐坤佟丽娅原创抗疫公益MV《山河无恙在我胸》】，看樱花似雪，为英雄而歌！经历了60多个日夜的浴血奋战和坚守，今天，春风里激荡着让全国人民翘首以盼的消息！从3月25日零时起，湖北省除武汉以外地区“解封”，14天后，武汉也将迎来“解封”时刻！为了这一刻，无数的逆行英雄热血出征，他们坚定的身影穿过风雨暗夜，汇成守护生命的星河！为了这一刻，就让泪水尽情随樱雨纷落，因为我们坚信，在严寒中绽放的春天更加明媚，从磨难中积蓄的中国力量更加不可阻挡！山河为卷共江汉，万里写入胸怀间。这一刻，一起含泪听云南省委宣传部、云南广播电视台携手蔡徐坤佟丽娅推出的原创抗疫公益MV《山河无恙在我胸》，致敬我们英雄的祖国，英雄的时代，英雄的人民，英雄的城市！@蔡徐坤@佟丽娅http://t.cn/A6Zvxua1,7,0,0,04月01日
159,299,股票刘姐,:#财经#【#别让歧视恐惧变成第二波病毒#】白岩松：湖北“解封”，在省外工作的湖北人离开家去工作。但有些人两个月前高喊湖北加油，武汉加油，面对来自湖北的兄弟姐妹，却加上一把无形的拒人,0,0,0,04月01日
160,300,yanxing7665,湖北武汉解封第一天街头另类景观，多日不见人的黄鼠狼不再怕人，饿得四处向路人要吃的。,0,0,0,04月01日
161,301,鬼才bot,:湖北武汉解封第一天街头另类景观，多日不见人的黄鼠狼不再怕人，饿得四处向路人要吃的。,6,4,1,04月01日
162,302,O-谷2,:#湖北什么时候解封#黄冈罗田已经第14天0增长了 还要关我们到什么时候  整个湖北市就陪一个武汉省关关关,0,0,0,04月01日
163,303,一级撸串教练,:#新疆新增本土病例96例#武汉解封过去一个月的时候，我哥就去了湖北宜昌一天，回阿克苏被隔离了21天！！！新疆这么严格的管控，突发疫情都是始料未及，不要再阴阳怪气的问咋回事咋回事了，这时候相信政府相信一线医务人员就可以了,1,0,3,04月30日
164,304,2013_我要考北京__,:#湖北什么时候解封#黄冈罗田已经第14天0增长了 还要关我们到什么时候  整个湖北市就陪一个武汉省关关关,0,0,0,04月30日
165,305,F团老蟹__,:#湖北什么时候解封#黄冈罗田已经第14天0增长了 还要关我们到什么时候  整个湖北市就陪一个武汉省关关关,0,0,0,04月29日
166,306,酚腾啡奄资诩倚第pai,:#湖北什么时候解封#黄冈罗田已经第14天0增长了 还要关我们到什么时候  整个湖北市就陪一个武汉省关关关,0,0,0,04月29日
167,307,对你曾心动,:#湖北什么时候解封#黄冈罗田已经第14天0增长了 还要关我们到什么时候  整个湖北市就陪一个武汉省关关关,0,0,0,04月29日
168,308,热点奢侈品,:绝了 今天，一起点亮武汉!武汉解封湖北好久不见行走七大洲的微博视频,1,0,0,04月29日
169,309,袁毕加,:武汉解封 陈奕天 助力湖北重启 祝福荆楚大地重回人间烟火气，提醒解封还是不能放松哦，防疫还是要做好。陈奕天工作室的微博视频,0,0,0,04月28日
170,310,程程说八卦,:武汉解封 陈奕天 助力湖北重启 祝福荆楚大地重回人间烟火气，提醒解封还是不能放松哦，防疫还是要做好。陈奕天工作室的微博视频,0,0,0,04月28日
171,311,芒果最八卦,:武汉解封 陈奕天 助力湖北重启 祝福荆楚大地重回人间烟火气，提醒解封还是不能放松哦，防疫还是要做好。陈奕天工作室的微博视频,0,0,0,04月28日
172,312,娱乐影视动态,:武汉解封 陈奕天 助力湖北重启 祝福荆楚大地重回人间烟火气，提醒解封还是不能放松哦，防疫还是要做好。陈奕天工作室的微博视频,0,0,0,04月28日
173,313,剪刀手欧阳盆栽__,:#湖北什么时候解封#黄冈罗田已经第14天0增长了 还要关我们到什么时候  整个湖北市就陪一个武汉省关关关,0,0,0,04月28日
174,314,明星娱乐动态追踪,:武汉解封 陈奕天 助力湖北重启 祝福荆楚大地重回人间烟火气，提醒解封还是不能放松哦，防疫还是要做好。陈奕天工作室的微博视频,0,0,0,04月28日
175,315,Ashley6161,:#蔡徐坤的站姐#为英雄而歌,7,2,0,04月28日
176,316,明星八卦动态,:武汉解封 陈奕天 助力湖北重启 祝福荆楚大地重回人间烟火气，提醒解封还是不能放松哦，防疫还是要做好。陈奕天工作室的微博视频,0,0,0,04月28日
177,317,娱乐台八卦追踪,:武汉解封 陈奕天 助力湖北重启 祝福荆楚大地重回人间烟火气，提醒解封还是不能放松哦，防疫还是要做好。陈奕天工作室的微博视频,0,0,0,04月28日
178,318,文文讲娱乐,:武汉解封 陈奕天 助力湖北重启 祝福荆楚大地重回人间烟火气，提醒解封还是不能放松哦，防疫还是要做好。陈奕天工作室的微博视频,0,0,0,04月28日
179,319,天天聊天天,:武汉解封 陈奕天 助力湖北重启 祝福荆楚大地重回人间烟火气，提醒解封还是不能放松哦，防疫还是要做好。陈奕天工作室的微博视频,0,0,0,04月28日
180,320,陈奕,:武汉解封 陈奕天 助力湖北重启 祝福荆楚大地重回人间烟火气，提醒解封还是不能放松哦，防疫还是要做好。陈奕天工作室的微博视频,0,0,0,04月28日
181,321,娱乐明星百家谈,:武汉解封 陈奕天 助力湖北重启 祝福荆楚大地重回人间烟火气，提醒解封还是不能放松哦，防疫还是要做好。陈奕天工作室的微博视频,0,0,0,04月28日
182,322,陈奕天家的安筠,:武汉解封 陈奕天 助力湖北重启 祝福荆楚大地重回人间烟火气，提醒解封还是不能放松哦，防疫还是要做好。陈奕天工作室的微博视频,0,0,0,04月28日
183,323,信用卡逾期规划,:#信用卡逾期#湖北武汉委托人，受疫情影响好几个月没有收入，解封以后收入也大不如以前！逾期欠款：交通两张卡共5.69w经协商，减免7000元分56期，两个卡，一张还500一张还410元 绿洲,1,0,1,04月28日
184,324,信用卡逾期规划,:#信用卡逾期#湖北武汉委托人，受疫情影响好几个月没有收入，解封以后收入也大不如以前！逾期欠款：交通两张卡共5.69w经协商，减免7000元分56期，两个卡，一张还500一张还410元 绿洲,1,0,1,04月28日
185,325,亚洲传媒香港官方微博,:武汉解封 陈奕天 助力湖北重启 祝福荆楚大地重回人间烟火气，提醒解封还是不能放松哦，防疫还是要做好。陈奕天工作室的微博视频,0,0,0,04月28日
186,326,爱豆歌曲大放送,:武汉解封 陈奕天 助力湖北重启 祝福荆楚大地重回人间烟火气，提醒解封还是不能放松哦，防疫还是要做好。陈奕天工作室的微博视频,0,0,0,04月28日
187,327,陈奕天official,:武汉解封 陈奕天 助力湖北重启 祝福荆楚大地重回人间烟火气，提醒解封还是不能放松哦，防疫还是要做好。陈奕天工作室的微博视频,0,0,0,04月28日
188,328,天睿文传,:武汉解封 陈奕天 助力湖北重启 祝福荆楚大地重回人间烟火气，提醒解封还是不能放松哦，防疫还是要做好。陈奕天工作室的微博视频,0,0,0,04月28日
189,329,龙小刺,:武汉解封了，早餐先来一碗心心念念的热干面#爱上湖北的理由##带着微博去武汉##美探达人#龙小刺的微博视频,18,1,21,04月27日
190,330,JanuaryC喬喬-,:#湖北什么时候解封#黄冈罗田已经第14天0增长了 还要关我们到什么时候  整个湖北市就陪一个武汉省关关关,0,0,0,04月26日
191,331,上海交响乐团,:武汉解封第109天，湖北省歌剧舞剧院来到长三角，在上海唱响音乐会版歌剧《洪湖赤卫队》。湖北省歌剧舞剧院党委书记彭华，指挥周雯，女高音马娅琴在演出前和我们聊了聊这场演出。##上海夏季音乐节online#上海交响乐团的微博视频,8,0,0,04月26日
192,332,上海交响乐团,:【武汉解封第109天，湖北省歌剧舞剧院来到长三角，在上海唱响《洪湖赤卫队》】7月25日）上海夏季音乐节音乐节（MISA）的舞台 #上海夏季音乐节online 原文:武汉解封第109天，湖北省歌剧舞剧院来到长三角，在上海唱响《洪湖赤卫队》,4,1,0,04月26日
193,333,上海交响乐团,:武汉解封第109天，湖北省歌剧舞剧院来到长三角，在上海唱响《洪湖赤卫队》@上海夏季音乐节online#http://t.cn/A6ykEa9x,3,2,1,04月26日
194,334,祁连山林区人民检察院,:【直播！一起听#音乐会版歌剧洪湖赤卫队#,0,0,0,04月25日
195,335,上海交响乐团,:红色经典《洪湖赤卫队》经久传唱，从爷爷辈唱到了孙子辈。今晚，湖北省歌剧舞剧院在武汉解封后首次走出江城来到上海，在MISA的舞台上，带来由该院创排的保留剧目——音乐会版歌剧《洪湖赤卫队》#上海夏季音乐节online#@湖北交响乐团,5,2,3,04月25日
196,336,别胡乱笑,:湖北武汉解封第一天街头另类景观，多日不见人的黄鼠狼不再怕人，饿得四处向路人要吃的。,0,0,0,04月25日
197,337,洛阳晚报,:【直播！一起听#音乐会版歌剧洪湖赤卫队#,1,0,0,04月25日
198,338,FM99香格里拉之声,:【直播！一起听#音乐会版歌剧洪湖赤卫队#,1,0,0,04月25日
199,339,CCTV4,:【直播！一起听#音乐会版歌剧洪湖赤卫队#,6,2,2,04月25日
200,340,周至法院,:【直播！一起听#音乐会版歌剧洪湖赤卫队#,1,0,3,04月25日
201,341,上海交响乐团,【直播！一起听#音乐会版歌剧洪湖赤卫队#,4,3,1,04月25日
202,342,赣州市生态环境局,【直播！一起听#音乐会版歌剧洪湖赤卫队#,0,0,0,04月25日
203,343,央视新闻,:【直播！一起听#音乐会版歌剧洪湖赤卫队#,229800,10044,12180,04月25日
204,344,帕克方子流体州委,:#湖北什么时候解封#黄冈罗田已经第14天0增长了 还要关我们到什么时候  整个湖北市就陪一个武汉省关关关,0,0,0,04月25日
205,345,胖胖的小河豚,【#湖北迎来解封后首个省外旅行团#全团共8名游客】日前，湖北武汉迎来了解封后的第一个省外旅行团。该团来自湖南长沙，全团共8名游客，最大的82岁，最小的12岁。其中有人是第一次到武汉。 看看新闻今日事的微博视频,0,0,0,04月25日
206,346,武汉美食中心,:#同城生活#【湖北迎来解封后首个省外旅行团 全团共8名游客】20日，湖北武汉迎来了解封后的第一个省外旅行团。该团来自湖南长沙，全团共8名游客，最大的82岁，最小的12岁。其中有人是第一次到武汉。2武汉 看看新闻今日事的微博视频,3,0,0,04月25日
207,347,bulevivian郁闷了__,:#湖北什么时候解封#黄冈罗田已经第14天0增长了 还要关我们到什么时候  整个湖北市就陪一个武汉省关关关,0,0,0,04月25日
208,348,卜戳菊R9Xr1sc6,:#湖北什么时候解封#黄冈罗田已经第14天0增长了 还要关我们到什么时候  整个湖北市就陪一个武汉省关关关,0,0,0,04月25日
209,349,西部_石友-,:#湖北什么时候解封#黄冈罗田已经第14天0增长了 还要关我们到什么时候  整个湖北市就陪一个武汉省关关关,0,0,0,04月25日
210,350,幽默伯爵,:湖北武汉解封第一天街头另类景观，多日不见人的黄鼠狼不再怕人，饿得四处向路人要吃的。,3,0,1,04月24日
211,351,信用卡逾期重新规划,:湖北武汉委托人，受疫情影响好几个月没有收入，解封以后收入也大不如以前！逾期欠款：交通两张卡共5.69w经协商，减免7000元分56期，两个卡，一张还500一张还410元#信用卡逾期#沈阳,0,0,0,04月24日
212,352,债务规划_彩虹霞,:湖北武汉委托人，受疫情影响好几个月没有收入，解封以后收入也大不如以前！逾期欠款：交通两张卡共5.69w经协商，减免7000元分56期，两个卡，一张还500一张还410元 绿洲,0,0,0,04月24日
213,353,信用卡逾期规划-墨墨,:湖北武汉委托人，受疫情影响好几个月没有收入，解封以后收入也大不如以前！逾期欠款：交通两张卡共5.69w经协商，减免7000元分56期，两个卡，一张还500一张还410元,0,0,0,04月24日
214,354,信用卡逾期大神-Emily006,:湖北武汉委托人，受疫情影响好几个月没有收入，解封以后收入也大不如以前！逾期欠款：交通两张卡共5.69w经协商，减免7000元分56期，两个卡，一张还500一张还410元,0,0,0,04月24日
215,355,债务规划_彩虹霞,:湖北武汉委托人，受疫情影响好几个月没有收入，解封以后收入也大不如以前！逾期欠款：交通两张卡共5.69w经协商，减免7000元分56期，两个卡，一张还500一张还410元,0,0,0,04月24日
216,356,信用卡逾期规划-李法务,:湖北武汉委托人，受疫情影响好几个月没有收入，解封以后收入也大不如以前！逾期欠款：交通两张卡共5.69w经协商，减免7000元分56期，两个卡，一张还500一张还410元,0,2,0,04月24日
217,357,用户7482388272,:湖北武汉委托人，受疫情影响好几个月没有收入，解封以后收入也大不如以前！逾期欠款：交通两张卡共5.69w经协商，减免7000元分56期，两个卡，一张还500一张还410元,0,0,0,04月24日
218,358,信用卡逾期规划,:湖北武汉委托人，受疫情影响好几个月没有收入，解封以后收入也大不如以前！逾期欠款：交通两张卡共5.69w经协商，减免7000元分56期，两个卡，一张还500一张还410元 绿洲,0,1,0,04月24日
219,359,信用卡逾期重组规划师,:湖北武汉委托人，受疫情影响好几个月没有收入，解封以后收入也大不如以前！逾期欠款：交通两张卡共5.69w经协商，减免7000元分56期，两个卡，一张还500一张还410元#信用卡逾期#,2,1,0,04月24日
220,360,信用卡逾期规划,:湖北武汉委托人，受疫情影响好几个月没有收入，解封以后收入也大不如以前！逾期欠款：交通两张卡共5.69w经协商，减免7000元分56期，两个卡，一张还500一张还410元#信用卡逾期#,1,0,0,04月24日
221,361,债务重组丶李,:湖北武汉委托人，受疫情影响好几个月没有收入，解封以后收入也大不如以前！逾期欠款：交通两张卡共5.69w经协商，减免7000元分56期，两个卡，一张还500一张还410元#信用卡逾期#,0,1,0,04月24日
222,362,tknochblaunase699,#爱上湖北的理由#【湖北迎来解封后首个省外旅行团 全团共8名游客】20日，湖北武汉迎来了解封后的第一个省外旅行团。该团来自湖南长沙，全团共8名游客，最大的82岁，最小的12岁。其中有人是第一次到武汉。看看新闻今日事的微博视频,0,0,0,04月24日
223,363,鸵鸟娜丶,:#湖北什么时候解封#黄冈罗田已经第14天0增长了 还要关我们到什么时候  整个湖北市就陪一个武汉省关关关,0,0,0,04月24日
224,364,予冰清Beginner,【#湖北迎来解封后首个省外旅行团#全团共8名游客】20日，湖北武汉迎来了解封后的第一个省外旅行团。该团来自湖南长沙，全团共8名游客，最大的82岁，最小的12岁。其中有人是第一次到武汉。（YX）看看新闻今日事的微博视频,0,0,0,04月24日
225,365,我喜欢上陌生人时的内心活动,【#湖北迎来解封后首个省外旅行团#全团共8名游客】20日，湖北武汉迎来了解封后的第一个省外旅行团。该团来自湖南长沙，全团共8名游客，最大的82岁，最小的12岁。其中有人是第一次到武汉。（YX）看看新闻今日事的微博视频,0,0,0,04月23日
226,366,初心未改jw,【#湖北迎来解封后首个省外旅行团#全团共8名游客】20日，湖北武汉迎来了解封后的第一个省外旅行团。该团来自湖南长沙，全团共8名游客，最大的82岁，最小的12岁。其中有人是第一次到武汉。（YX）看看新闻今日事的微博视频,0,0,0,04月23日
227,367,武昌粮道街派出所,#同城生活#【湖北迎来解封后首个省外旅行团 全团共8名游客】20日，湖北武汉迎来了解封后的第一个省外旅行团。该团来自湖南长沙，全团共8名游客，最大的82岁，最小的12岁。其中有人是第一次到武汉。#896快讯#看看新闻今日事的微博视频,0,0,0,04月23日
228,368,武汉交通广播,:#同城生活#【湖北迎来解封后首个省外旅行团 全团共8名游客】20日，湖北武汉迎来了解封后的第一个省外旅行团。该团来自湖南长沙，全团共8名游客，最大的82岁，最小的12岁。其中有人是第一次到武汉。#896快讯#看看新闻今日事的微博视频,1,1,0,04月23日
229,369,陳紷唱首羙羙的-歌,:#湖北什么时候解封#黄冈罗田已经第14天0增长了 还要关我们到什么时候  整个湖北市就陪一个武汉省关关关,0,0,0,04月23日
230,370,绮罗仙木南,【#湖北迎来解封后首个省外旅行团#全团共8名游客】20日，湖北武汉迎来了解封后的第一个省外旅行团。该团来自湖南长沙，全团共8名游客，最大的82岁，最小的12岁。其中有人是第一次到武汉。（YX）看看新闻今日事的微博视频,0,0,0,04月23日
231,371,June向俊,:#湖北迎来解封后首个省外旅行团#8个人的旅行团成为今年第一个来武汉的旅行团武汉这是要礼宾接待,2,0,0,04月23日
232,372,静观世界不迷失,#同城生活#【湖北迎来解封后首个省外旅行团 全团共8名游客】20日，湖北武汉迎来了解封后的第一个省外旅行团。该团来自湖南长沙，全团共8名游客，最大的82岁，最小的12岁。其中有人是第一次到武汉。#武汉[地点]#看看新闻今日事的微博视频,0,0,0,04月23日
233,373,武汉同城,:#同城生活#【湖北迎来解封后首个省外旅行团 全团共8名游客】20日，湖北武汉迎来了解封后的第一个省外旅行团。该团来自湖南长沙，全团共8名游客，最大的82岁，最小的12岁。其中有人是第一次到武汉。#武汉[地点]#看看新闻今日事的微博视频,17,1,1,04月23日
234,374,琉璃卡卡kiki,【#湖北迎来解封后首个省外旅行团#全团共8名游客】20日，湖北武汉迎来了解封后的第一个省外旅行团。该团来自湖南长沙，全团共8名游客，最大的82岁，最小的12岁。其中有人是第一次到武汉。（YX）看看新闻今日事的微博视频,0,0,0,04月23日
235,375,吃货萌小怪兽,【#湖北迎来解封后首个省外旅行团#全团共8名游客】日前，湖北武汉迎来了解封后的第一个省外旅行团。该团来自湖南长沙，全团共8名游客，最大的82岁，最小的12岁。其中有人是第一次到武汉。 看看新闻今日事的微博视频,1,0,0,04月23日
236,376,旅游路途,:#湖北迎来解封后首个省外旅行团#20日，湖北武汉迎来了解封后的第一个省外旅行团，全团共8名游客。来自湖南长沙的他们，最大的82岁，最小的12岁。其中有人是第一次到武汉。看看新闻今日事的微博视频  武汉,5,0,0,04月23日
237,377,静堇木,【#湖北迎来解封后首个省外旅行团#全团共8名游客】20日，湖北武汉迎来了解封后的第一个省外旅行团。该团来自湖南长沙，全团共8名游客，最大的82岁，最小的12岁。其中有人是第一次到武汉。（YX）看看新闻今日事的微博视频,0,0,0,04月23日
238,378,心雨Nico,【#湖北迎来解封后首个省外旅行团#全团共8名游客】20日，湖北武汉迎来了解封后的第一个省外旅行团。该团来自湖南长沙，全团共8名游客，最大的82岁，最小的12岁。其中有人是第一次到武汉。（YX）看看新闻今日事的微博视频,0,0,0,04月23日
239,379,一只苗条,【#湖北迎来解封后首个省外旅行团#全团共8名游客】20日，湖北武汉迎来了解封后的第一个省外旅行团。该团来自湖南长沙，全团共8名游客，最大的82岁，最小的12岁。其中有人是第一次到武汉。（YX）看看新闻今日事的微博视频,1,0,0,04月23日
240,380,悦恺心,【#湖北迎来解封后首个省外旅行团#全团共8名游客】20日，湖北武汉迎来了解封后的第一个省外旅行团。该团来自湖南长沙，全团共8名游客，最大的82岁，最小的12岁。其中有人是第一次到武汉。（YX）看看新闻今日事的微博视频,0,0,0,04月23日
241,381,长沙吃喝玩乐团,:【#湖北迎来解封后首个省外旅行团#全团共8名游客】日前，湖北武汉迎来了解封后的第一个省外旅行团。该团来自湖南长沙，全团共8名游客，最大的82岁，最小的12岁。其中有人是第一次到武汉。 看看新闻今日事的微博视频,6,2,3,04月23日
242,382,蓝蓝蓝天空蓝,【#湖北迎来解封后首个省外旅行团#全团共8名游客】20日，湖北武汉迎来了解封后的第一个省外旅行团。该团来自湖南长沙，全团共8名游客，最大的82岁，最小的12岁。其中有人是第一次到武汉。（YX）看看新闻今日事的微博视频,0,0,0,04月23日
243,383,房天下昆山,:【#湖北迎来解封后首个省外旅行团#全团共8名游客】20日，湖北武汉迎来了解封后的第一个省外旅行团。该团来自湖南长沙，全团共8名游客，最大的82岁，最小的12岁。其中有人是第一次到武汉。,0,0,0,04月23日
244,384,永远的詹姆斯_,:#湖北什么时候解封#黄冈罗田已经第14天0增长了 还要关我们到什么时候  整个湖北市就陪一个武汉省关关关,0,0,0,04月23日
245,385,湖南旅游指南针,:【#湖北迎来解封后首个省外旅行团#全团共8名游客】20日，湖北武汉迎来了解封后的第一个省外旅行团。该团来自湖南长沙，全团共8名游客，最大的82岁，最小的12岁。其中有人是第一次到武汉。（YX）看看新闻今日事的微博视频,0,0,0,04月23日
246,386,固執的堅Vl持,【#湖北迎来解封后首个省外旅行团#全团共8名游客】20日，湖北武汉迎来了解封后的第一个省外旅行团。该团来自湖南长沙，全团共8名游客，最大的82岁，最小的12岁。其中有人是第一次到武汉。（YX）看看新闻今日事的微博视频,0,0,0,04月23日
247,387,芯巧呢仙潜记棕,【#湖北迎来解封后首个省外旅行团#全团共8名游客】20日，湖北武汉迎来了解封后的第一个省外旅行团。该团来自湖南长沙，全团共8名游客，最大的82岁，最小的12岁。其中有人是第一次到武汉。（YX）看看新闻今日事的微博视频,0,0,0,04月23日
248,388,扎人的刺清风欲流,:#湖北什么时候解封#黄冈罗田已经第14天0增长了 还要关我们到什么时候  整个湖北市就陪一个武汉省关关关,0,0,0,04月23日
249,389,niuniu920,【#湖北迎来解封后首个省外旅行团#全团共8名游客】20日，湖北武汉迎来了解封后的第一个省外旅行团。该团来自湖南长沙，全团共8名游客，最大的82岁，最小的12岁。其中有人是第一次到武汉。（YX）看看新闻今日事的微博视频,0,0,0,04月22日
250,390,视点西安,【#湖北迎来解封后首个省外旅行团#全团共8名游客】20日，湖北武汉迎来了解封后的第一个省外旅行团。该团来自湖南长沙，全团共8名游客，最大的82岁，最小的12岁。其中有人是第一次到武汉。（YX）看看新闻今日事的微博视频,0,0,0,04月22日
251,391,一路平安92905,【#湖北迎来解封后首个省外旅行团#全团共8名游客】20日，湖北武汉迎来了解封后的第一个省外旅行团。该团来自湖南长沙，全团共8名游客，最大的82岁，最小的12岁。其中有人是第一次到武汉。看看新闻今日事的微博视频,0,0,1,04月22日
252,392,锦绣青羊,:【#湖北迎来解封后首个省外旅行团#全团共8名游客】20日，湖北武汉迎来了解封后的第一个省外旅行团。该团来自湖南长沙，全团共8名游客，最大的82岁，最小的12岁。其中有人是第一次到武汉。（YX）看看新闻今日事的微博视频,4,4,2,04月22日
253,393,武汉蛮有味,【湖北武汉迎来解封后第一个省外旅行团】20日，湖北武汉迎来了解封后的第一个省外旅行团。该团来自湖南长沙，全团共8名游客，最大的82岁，最小的12岁。其中有人是第一次到武汉。   看看新闻今日事的微博视频,0,0,0,04月22日
254,394,嘿V92,【湖北武汉迎来解封后第一个省外旅行团】20日，湖北武汉迎来了解封后的第一个省外旅行团。该团来自湖南长沙，全团共8名游客，最大的82岁，最小的12岁。其中有人是第一次到武汉。 看看新闻今日事的微博视频,0,0,0,04月22日
255,395,无言花语_我的城,【湖北武汉迎来解封后第一个省外旅行团】20日，湖北武汉迎来了解封后的第一个省外旅行团。该团来自湖南长沙，全团共8名游客，最大的82岁，最小的12岁。其中有人是第一次到武汉。   看看新闻今日事的微博视频,0,0,0,04月22日
256,396,凝兮202004,【湖北武汉迎来解封后第一个省外旅行团】20日，湖北武汉迎来了解封后的第一个省外旅行团。该团来自湖南长沙，全团共8名游客，最大的82岁，最小的12岁。其中有人是第一次到武汉。   看看新闻今日事的微博视频,0,0,0,04月22日
257,397,文教艺在线,:【#湖北迎来解封后首个省外旅行团#全团共8名游客】20日，湖北武汉迎来了解封后的第一个省外旅行团。该团来自湖南长沙，全团共8名游客，最大的82岁，最小的12岁。其中有人是第一次到武汉。看看新闻今日事的微博视频,4,1,0,04月22日
258,398,安心工作的猫猫,【湖北武汉迎来解封后第一个省外旅行团】20日，湖北武汉迎来了解封后的第一个省外旅行团。该团来自湖南长沙，全团共8名游客，最大的82岁，最小的12岁。其中有人是第一次到武汉。   看看新闻今日事的微博视频,0,0,0,04月22日
259,399,长沙观察君,:【#湖北迎来解封后首个省外旅行团#全团共8名游客】20日，湖北武汉迎来了解封后的第一个省外旅行团。该团来自湖南长沙，全团共8名游客，最大的82岁，最小的12岁。其中有人是第一次到武汉。#长沙身边事#看看新闻今日事的微博视频,0,0,0,04月22日
260,400,财神下凡2492231721,【湖北武汉迎来解封后第一个省外旅行团】20日，湖北武汉迎来了解封后的第一个省外旅行团。该团来自湖南长沙，全团共8名游客，最大的82岁，最小的12岁。其中有人是第一次到武汉。   看看新闻今日事的微博视频,0,0,0,04月22日
261,401,山东商报,:【#湖北迎来解封后首个省外旅行团#全团共8名游客】20日，湖北武汉迎来了解封后的第一个省外旅行团。该团来自湖南长沙，全团共8名游客，最大的82岁，最小的12岁。其中有人是第一次到武汉。（YX）看看新闻今日事的微博视频,0,0,0,04月22日
262,402,tales1,【湖北武汉迎来解封后第一个省外旅行团】20日，湖北武汉迎来了解封后的第一个省外旅行团。该团来自湖南长沙，全团共8名游客，最大的82岁，最小的12岁。其中有人是第一次到武汉。   看看新闻今日事的微博视频,1,0,0,04月22日
263,403,蓝色长款风衣,【#湖北迎来解封后首个省外旅行团#全团共8名游客】20日，湖北武汉迎来了解封后的第一个省外旅行团。该团来自湖南长沙，全团共8名游客，最大的82岁，最小的12岁。其中有人是第一次到武汉。（YX）看看新闻今日事的微博视频,0,0,0,04月22日
264,404,于筱狼,【#湖北迎来解封后首个省外旅行团#全团共8名游客】20日，湖北武汉迎来了解封后的第一个省外旅行团。该团来自湖南长沙，全团共8名游客，最大的82岁，最小的12岁。其中有人是第一次到武汉。（YX）看看新闻今日事的微博视频,0,0,0,04月22日
265,405,每日经济新闻,:【#湖北迎来解封后首个省外旅行团#全团共8名游客】20日，湖北武汉迎来了解封后的第一个省外旅行团。该团来自湖南长沙，全团共8名游客，最大的82岁，最小的12岁。其中有人是第一次到武汉。（YX）看看新闻今日事的微博视频,141,14,16,04月22日
266,406,楚天音乐广播,:【湖北武汉迎来解封后第一个省外旅行团】20日，湖北武汉迎来了解封后的第一个省外旅行团。该团来自湖南长沙，全团共8名游客，最大的82岁，最小的12岁。其中有人是第一次到武汉。   看看新闻今日事的微博视频,0,0,0,04月22日
267,407,楚天音乐广播,:【湖北武汉迎来解封后第一个省外旅行团】20日，湖北武汉迎来了解封后的第一个省外旅行团。该团来自湖南长沙，全团共8名游客，最大的82岁，最小的12岁。其中有人是第一次到武汉。   看看新闻今日事的微博视频,0,0,0,04月22日
268,408,ZGWS789,【湖北武汉迎来解封后第一个省外旅行团】20日，湖北武汉迎来了解封后的第一个省外旅行团。该团来自湖南长沙，全团共8名游客，最大的82岁，最小的12岁。其中有人是第一次到武汉。   看看新闻今日事的微博视频,1,1,1,04月22日
269,409,早啊来看新闻,:【湖北武汉迎来解封后第一个省外旅行团】20日，湖北武汉迎来了解封后的第一个省外旅行团。该团来自湖南长沙，全团共8名游客，最大的82岁，最小的12岁。其中有人是第一次到武汉。   看看新闻今日事的微博视频,0,1,0,04月22日
270,410,媒体势力榜,:【湖北武汉迎来解封后第一个省外旅行团】20日，湖北武汉迎来了解封后的第一个省外旅行团。该团来自湖南长沙，全团共8名游客，最大的82岁，最小的12岁。其中有人是第一次到武汉。   看看新闻今日事的微博视频,0,0,0,04月22日
271,411,微博媒体人,:【湖北武汉迎来解封后第一个省外旅行团】20日，湖北武汉迎来了解封后的第一个省外旅行团。该团来自湖南长沙，全团共8名游客，最大的82岁，最小的12岁。其中有人是第一次到武汉。   看看新闻今日事的微博视频,0,0,0,04月22日
272,412,微博发现,:【湖北武汉迎来解封后第一个省外旅行团】20日，湖北武汉迎来了解封后的第一个省外旅行团。该团来自湖南长沙，全团共8名游客，最大的82岁，最小的12岁。其中有人是第一次到武汉。   看看新闻今日事的微博视频,0,0,0,04月22日
273,413,微观现场,:【湖北武汉迎来解封后第一个省外旅行团】20日，湖北武汉迎来了解封后的第一个省外旅行团。该团来自湖南长沙，全团共8名游客，最大的82岁，最小的12岁。其中有人是第一次到武汉。   看看新闻今日事的微博视频,0,0,0,04月22日
274,414,微评论,:【湖北武汉迎来解封后第一个省外旅行团】20日，湖北武汉迎来了解封后的第一个省外旅行团。该团来自湖南长沙，全团共8名游客，最大的82岁，最小的12岁。其中有人是第一次到武汉。   看看新闻今日事的微博视频,2300,1254,1074,04月22日
275,415,热点新闻,:【湖北武汉迎来解封后第一个省外旅行团】20日，湖北武汉迎来了解封后的第一个省外旅行团。该团来自湖南长沙，全团共8名游客，最大的82岁，最小的12岁。其中有人是第一次到武汉。   看看新闻今日事的微博视频,5,0,0,04月22日
276,416,24小时新闻,:【湖北武汉迎来解封后第一个省外旅行团】20日，湖北武汉迎来了解封后的第一个省外旅行团。该团来自湖南长沙，全团共8名游客，最大的82岁，最小的12岁。其中有人是第一次到武汉。   看看新闻今日事的微博视频,3,0,0,04月22日
277,417,热点视频,:【湖北武汉迎来解封后第一个省外旅行团】20日，湖北武汉迎来了解封后的第一个省外旅行团。该团来自湖南长沙，全团共8名游客，最大的82岁，最小的12岁。其中有人是第一次到武汉。   看看新闻今日事的微博视频,3,1,0,04月22日
278,418,我在现场ing,:【湖北武汉迎来解封后第一个省外旅行团】20日，湖北武汉迎来了解封后的第一个省外旅行团。该团来自湖南长沙，全团共8名游客，最大的82岁，最小的12岁。其中有人是第一次到武汉。   看看新闻今日事的微博视频,0,0,0,04月22日
279,419,遇见美好,:【湖北武汉迎来解封后第一个省外旅行团】20日，湖北武汉迎来了解封后的第一个省外旅行团。该团来自湖南长沙，全团共8名游客，最大的82岁，最小的12岁。其中有人是第一次到武汉。   看看新闻今日事的微博视频,3,0,0,04月22日
280,420,微博媒体,:【湖北武汉迎来解封后第一个省外旅行团】20日，湖北武汉迎来了解封后的第一个省外旅行团。该团来自湖南长沙，全团共8名游客，最大的82岁，最小的12岁。其中有人是第一次到武汉。   看看新闻今日事的微博视频,4,1,0,04月22日
281,421,新闻正发声,:【湖北武汉迎来解封后第一个省外旅行团】20日，湖北武汉迎来了解封后的第一个省外旅行团。该团来自湖南长沙，全团共8名游客，最大的82岁，最小的12岁。其中有人是第一次到武汉。   看看新闻今日事的微博视频,3,1,0,04月22日
282,422,暖暖新闻,:【湖北武汉迎来解封后第一个省外旅行团】20日，湖北武汉迎来了解封后的第一个省外旅行团。该团来自湖南长沙，全团共8名游客，最大的82岁，最小的12岁。其中有人是第一次到武汉。   看看新闻今日事的微博视频,0,0,0,04月22日
283,423,大-醛,:#湖北什么时候解封#黄冈罗田已经第14天0增长了 还要关我们到什么时候  整个湖北市就陪一个武汉省关关关,0,0,0,04月22日
284,424,看看新闻今日事,:【湖北武汉迎来解封后第一个省外旅行团】20日，湖北武汉迎来了解封后的第一个省外旅行团。该团来自湖南长沙，全团共8名游客，最大的82岁，最小的12岁。其中有人是第一次到武汉。 看看新闻今日事的微博视频,8,1,0,04月22日
285,425,苏州富事达塑业有限责任公司,:京东集团:数字化供应链走出新路径 (上）谢谢你为武汉下单！”4月8日，在武汉“解封”当日，京东的“买光湖北货”行动已交上出色答卷：4月1日至7日，京东平台湖北商品线上成交额较去年同期增长了106%，湖北农产品累计销售1400吨。同日，京东集团“60亿投资计划”公布，计划3年内在湖北地区投资60亿元，助力湖北经济恢复。京东全力帮扶受新冠肺炎疫情影响最大的湖北地区。1月24日，京东首批防疫物资运抵武汉，同时宣布在疫情期间义务为武汉提供救援物资运输服务，用“京东速度”践行企业的社会责任感。在湖北之外，京东充分发挥自身对供应链上下游资源的整合协同能力，搭建了一套数字化的基础设施，在全力支持一线抗疫之外，也在“保民生、稳经济”的第二战线发挥光热。疫情暴发后，面对防疫及其他日用生活物资暂时性短缺的困难，京东的采销、运营、客服等领域大量员工提前结束休假到岗，迅速沟通供应商提高产能、补充供应。疫情期间，京东照常向全国消费者供应了2.2亿件、超过29万吨的米面粮油、肉蛋菜奶等生活用品。同时，京东率先启动“移动菜篮子”计划，通过政企合作、社区团购、B2C同城配等合作模式，在全国近50个城市落地实施，一方面守好全国人民的“菜篮子”，另一方面则为滞销农户打开日均350吨农产品的销售通路。在健康防护方面，京东健康在疫情期间坚持24小时问诊服务，在线问诊平台累计服务用户超过800万人次，日均问诊量在12万人次左右。巨大的数字背后，京东以坚实的基础设施和供应链资源，支撑大量医疗机构的安全运营，保障无数家庭的餐桌和生活用品供应，成为这场战疫的重要力量。除了民生保障，面对因疫情而引发的企业复工物资短缺、中小企业经济困难等，京东发挥数字化基础设施优势，助力产业链上下游的共通共融，帮助受疫情影响的员工、商家及大中小型企业提升“抗疫能力”。文章来源：光明日报，由富事达编辑,0,0,0,04月22日
286,426,用户5704479608,:#湖北什么时候解封#黄冈罗田已经第14天0增长了 还要关我们到什么时候  整个湖北市就陪一个武汉省关关关,0,0,0,04月22日
287,427,猫骸的猫,:#湖北什么时候解封#黄冈罗田已经第14天0增长了 还要关我们到什么时候  整个湖北市就陪一个武汉省关关关,0,0,0,04月22日
288,428,只有片言片语,:#湖北什么时候解封#黄冈罗田已经第14天0增长了 还要关我们到什么时候  整个湖北市就陪一个武汉省关关关,0,0,0,04月21日
289,429,就爱吃熘肀肉段,:#湖北什么时候解封#黄冈罗田已经第14天0增长了 还要关我们到什么时候  整个湖北市就陪一个武汉省关关关,0,0,0,04月21日
290,430,王子__小烜,:#湖北什么时候解封#黄冈罗田已经第14天0增长了 还要关我们到什么时候  整个湖北市就陪一个武汉省关关关,0,0,0,04月21日
291,431,魂淡_J-ora,:#湖北什么时候解封#黄冈罗田已经第14天0增长了 还要关我们到什么时候  整个湖北市就陪一个武汉省关关关,0,0,0,04月21日
292,432,雇泌状推瘸厩够牢chuang,:#湖北什么时候解封#黄冈罗田已经第14天0增长了 还要关我们到什么时候  整个湖北市就陪一个武汉省关关关,0,0,0,04月21日
293,433,Persistent_CG,:#蔡徐坤0802生日快乐#“选择了多少向死而生，终于等到冰雪消融；经历了多少负重前行，今夜光芒照亮天空…” 无数英雄逆行出征，守护生命，终于将要迎来湖北和武汉的“解封”时刻！@蔡徐坤《山河无恙在我胸》，为战疫中所有努力的中国人点赞！ 央视新闻的微博视频,2,0,3,04月20日
294,434,夸赞哪天,:#湖北什么时候解封#黄冈罗田已经第14天0增长了 还要关我们到什么时候  整个湖北市就陪一个武汉省关关关,0,0,0,04月20日
295,435,草中汇大街某一奉承,:#湖北什么时候解封#黄冈罗田已经第14天0增长了 还要关我们到什么时候  整个湖北市就陪一个武汉省关关关,0,0,0,04月20日
296,436,papaCh__aner,:#湖北什么时候解封#黄冈罗田已经第14天0增长了 还要关我们到什么时候  整个湖北市就陪一个武汉省关关关,0,0,0,04月20日
297,437,浩浩_家的橙子,:#湖北什么时候解封#黄冈罗田已经第14天0增长了 还要关我们到什么时候  整个湖北市就陪一个武汉省关关关,0,0,0,04月19日
298,438,湖北日报,:#每周一字#【迎战“梅超疯”的8个战场，可有你的身影？】说好的湖北7月19日出梅，爽约了！因新一轮强降水，武汉出梅时间尚不确定。本周武汉解封百日“7·16”渡江节也取消了。从6月8日入梅至今，湖北经历了9轮强降雨，梅雨量已超过1998年、2016年。截至7月18日7时，省内11座大型水库超汛限。“战梅”尚未成功，大家还需努力！#长江中下游干流全线超警已持续13天#,908,461,355,04月19日
299,439,武汉身边事,:【#湖北“跨省组团游”重启#】7月18日下午，武汉天河机场，一个赴甘肃、青海的旅行团整装待发，这是湖北恢复跨省团队旅行后发出的首个出省旅行团。旅行团成员武汉市民张女士说，武汉“解封”后，一直计划带家人跨省旅行。前期看到旅行社征集“甘青大环线”旅游线路的意向，她进行了咨询和准备。得知湖北省开放跨省团队旅行后，立刻报名参了团。旅行社相关负责人介绍，按照甘肃当地要求，旅行团游客提前在“健康新甘肃”微信小程序上认证了健康码，并通过电信大数据申报了最近14天的个人行程。当天，一个14人的旅游团队从江西乘高铁到达十堰武当山，这是湖北恢复跨省团队旅行后到达的首个旅行团。旅行社相关负责人介绍，收到开放跨省团队游消息后，立即与江西的旅行社取得了联系，并迅速组成了一个周末休闲度假游小包团。据了解，7月17日晚上，湖北省文化和旅游厅印发《关于推进旅游企业扩大复工复业有关事项的通知》，正式按下跨省组团游的“重启键”，明确从当日起，全省旅行社及在线旅游企业恢复经营跨省（区、市）团队游及“机票+酒店”业务，出入境旅游业务暂不恢复。湖北省文化和旅游厅党组成员、副厅长陶宏家表示：恢复跨省组团游，对旅行社、在线旅行社以及旅游景区等企业，都是重大利好消息，省文化和旅游厅积极倡导“健康出行”理念，积极指导旅行社等企业，落实常态化防控措施，遵循《防控指南》，全力复工复业，营造更加安全、健康的旅游环境。（湖北之声）,7,1,0,04月19日
300,440,湖北之声,:【#湖北“跨省组团游”重启#】7月18日下午，武汉天河机场，一个赴甘肃、青海的旅行团整装待发，这是湖北恢复跨省团队旅行后发出的首个出省旅行团。旅行团成员武汉市民张女士说，武汉“解封”后，一直计划带家人跨省旅行。前期看到旅行社征集“甘青大环线”旅游线路的意向，她进行了咨询和准备。得知湖北省开放跨省团队旅行后，立刻报名参了团。旅行社相关负责人介绍，按照甘肃当地要求，旅行团游客提前在“健康新甘肃”微信小程序上认证了健康码，并通过电信大数据申报了最近14天的个人行程。当天，一个14人的旅游团队从江西乘高铁到达十堰武当山，这是湖北恢复跨省团队旅行后到达的首个旅行团。旅行社相关负责人介绍，收到开放跨省团队游消息后，立即与江西的旅行社取得了联系，并迅速组成了一个周末休闲度假游小包团。据了解，7月17日晚上，湖北省文化和旅游厅印发《关于推进旅游企业扩大复工复业有关事项的通知》，正式按下跨省组团游的“重启键”，明确从当日起，全省旅行社及在线旅游企业恢复经营跨省（区、市）团队游及“机票+酒店”业务，出入境旅游业务暂不恢复。湖北省文化和旅游厅党组成员、副厅长陶宏家表示：恢复跨省组团游，对旅行社、在线旅行社以及旅游景区等企业，都是重大利好消息，省文化和旅游厅积极倡导“健康出行”理念，积极指导旅行社等企业，落实常态化防控措施，遵循《防控指南》，全力复工复业，营造更加安全、健康的旅游环境。（湖北之声记者金若晗）,16,23,26,04月19日
301,441,vnrs8o4jr7n_3_970ed7,:#湖北什么时候解封#黄冈罗田已经第14天0增长了 还要关我们到什么时候  整个湖北市就陪一个武汉省关关关,0,0,0,04月19日
302,442,_-纸盒人_,:#湖北什么时候解封#黄冈罗田已经第14天0增长了 还要关我们到什么时候  整个湖北市就陪一个武汉省关关关,0,0,0,04月19日
303,443,左丶手一生,:#湖北什么时候解封#黄冈罗田已经第14天0增长了 还要关我们到什么时候  整个湖北市就陪一个武汉省关关关,0,0,0,04月19日
304,444,人心丶D弱点,:#湖北什么时候解封#黄冈罗田已经第14天0增长了 还要关我们到什么时候  整个湖北市就陪一个武汉省关关关,0,0,0,04月19日
305,445,袁毕加,:武汉解封 陈奕天 助力湖北重启 祝福荆楚大地重回人间烟火气，提醒解封还是不能放松哦，防疫还是要做好。陈奕天工作室的微博视频,0,0,0,04月19日
306,446,程程说八卦,:武汉解封 陈奕天 助力湖北重启 祝福荆楚大地重回人间烟火气，提醒解封还是不能放松哦，防疫还是要做好。陈奕天工作室的微博视频,0,0,0,04月19日
307,447,芒果最八卦,:武汉解封 陈奕天 助力湖北重启 祝福荆楚大地重回人间烟火气，提醒解封还是不能放松哦，防疫还是要做好。陈奕天工作室的微博视频,0,0,0,04月19日
308,448,陈奕天全球后援会,:武汉解封 陈奕天 助力湖北重启 祝福荆楚大地重回人间烟火气，提醒解封还是不能放松哦，防疫还是要做好。陈奕天工作室的微博视频,0,0,0,04月18日
309,449,明星娱乐动态追踪,:武汉解封 陈奕天 助力湖北重启 祝福荆楚大地重回人间烟火气，提醒解封还是不能放松哦，防疫还是要做好。陈奕天工作室的微博视频,1,0,0,04月18日
310,450,炫铃用户27409丶42644,:#湖北什么时候解封#黄冈罗田已经第14天0增长了 还要关我们到什么时候  整个湖北市就陪一个武汉省关关关,0,0,0,04月18日
311,451,娱乐台八卦追踪,:武汉解封 陈奕天 助力湖北重启 祝福荆楚大地重回人间烟火气，提醒解封还是不能放松哦，防疫还是要做好。陈奕天工作室的微博视频,0,0,0,04月18日
312,452,陈奕,:武汉解封 陈奕天 助力湖北重启 祝福荆楚大地重回人间烟火气，提醒解封还是不能放松哦，防疫还是要做好。陈奕天工作室的微博视频,0,0,0,04月18日
313,453,娱乐明星百家谈,:武汉解封 陈奕天 助力湖北重启 祝福荆楚大地重回人间烟火气，提醒解封还是不能放松哦，防疫还是要做好。陈奕天工作室的微博视频,0,0,0,04月18日
314,454,蓝鲤__鸭梨,:#湖北什么时候解封#黄冈罗田已经第14天0增长了 还要关我们到什么时候  整个湖北市就陪一个武汉省关关关,0,0,0,04月18日
315,455,陈奕天家的芳蕤,:武汉解封 陈奕天 助力湖北重启 祝福荆楚大地重回人间烟火气，提醒解封还是不能放松哦，防疫还是要做好。陈奕天工作室的微博视频,0,0,0,04月18日
316,456,陈奕天歌友会,:武汉解封 陈奕天 助力湖北重启 祝福荆楚大地重回人间烟火气，提醒解封还是不能放松哦，防疫还是要做好。陈奕天工作室的微博视频,0,0,0,04月18日
317,457,亚洲传媒香港官方微博,:武汉解封 陈奕天 助力湖北重启 祝福荆楚大地重回人间烟火气，提醒解封还是不能放松哦，防疫还是要做好。陈奕天工作室的微博视频,0,0,0,04月18日
318,458,天天开聊,:武汉解封 陈奕天 助力湖北重启 祝福荆楚大地重回人间烟火气，提醒解封还是不能放松哦，防疫还是要做好。陈奕天工作室的微博视频,0,0,0,04月18日
319,459,爱豆歌曲大放送,:武汉解封 陈奕天 助力湖北重启 祝福荆楚大地重回人间烟火气，提醒解封还是不能放松哦，防疫还是要做好。陈奕天工作室的微博视频,0,0,0,04月18日
320,460,花猫妈妈-,:#湖北什么时候解封#黄冈罗田已经第14天0增长了 还要关我们到什么时候  整个湖北市就陪一个武汉省关关关,0,0,0,04月17日
321,461,dba6e6deea,:#湖北什么时候解封#黄冈罗田已经第14天0增长了 还要关我们到什么时候  整个湖北市就陪一个武汉省关关关,0,0,0,04月16日
322,462,我是yoyo__陈,:#湖北什么时候解封#黄冈罗田已经第14天0增长了 还要关我们到什么时候  整个湖北市就陪一个武汉省关关关,0,0,0,04月16日
323,463,湖北新闻,:【#武汉重启100天之际中欧班列开出驶往德国#】7月16日是4月8日武汉解封重启后的第100天，今日5:51，编组50辆、满载武汉及湖北地区企业生产的电子零配件、机械产品、服装衣帽、防疫物资等的X8015/6次列车，从中国铁路武汉局集团有限公司汉西车务段吴家山站安全开出，经汉丹线、焦柳线运行，由阿拉山口出境，驶往德国杜伊斯堡。吴家山站站长李厚雄介绍，这是该站今年开出的第54列中欧班列，也是3月28日中欧班列（武汉）恢复运行以来开出的第37列中欧班列。车站按照武汉局集团公司中欧班列重点开行计划，开通绿色通道，与中铁联集武汉中心站、武汉汉欧国际物流有限公司等单位有序衔接，接挑选优质箱源、车源，优化装车计划和装载方案，运转、调车、货运及安全技术人员与中铁联集武汉中心站、武昌南、襄阳北机务段工作人员协调配合、日夜工作，确保了班列安全准点开出。据统计，3月28日以来中欧班列（武汉）合计发运70列、6386TEU，其中去程37列、3642TEU，回程33列、2744TEU。4月8日以来中欧班列（武汉）合计发运69列、6286TEU，其中去程36列、3542TEU，回程33列、2744TEU。先后运送口罩、纱布、防护服、手术衣、护目镜、医疗器械等防疫物资4000余万件套、732TEU、2678吨，其中5月9日开出至塞尔维亚贝尔格莱德国际合作防疫物资专列，6月10日开出至德国杜伊斯堡防疫物资专列，为欧洲各国战疫贡献了武汉力量。,0,1,1,04月16日
324,464,武汉广播电视台,:【#武汉重启100天#之际 今晨中欧班列开出驶往德国】7月16日是4月8日武汉解封重启后的第100天，今日5:51，编组50辆、满载武汉及湖北地区企业生产的电子零配件、机械产品、服装衣帽、防疫物资等的X8015/6次列车，从中国铁路武汉局集团有限公司汉西车务段吴家山站安全开出，经汉丹线、焦柳线运行，由阿拉山口出境，驶往德国杜伊斯堡。这是该站今年开出的第54列中欧班列，也是3月28日中欧班列（武汉）恢复运行以来开出的第37列中欧班列。（@武汉新闻广播记者：刘群 通讯员：苏庆丰 姚黎报道）详情：http://t.cn/A6yOnj5C,1,0,0,04月16日
325,465,金子会__发亮,:#湖北什么时候解封#黄冈罗田已经第14天0增长了 还要关我们到什么时候  整个湖北市就陪一个武汉省关关关,0,0,0,04月16日
326,466,袁毕加,:武汉解封 陈奕天 助力湖北重启 祝福荆楚大地重回人间烟火气，提醒解封还是不能放松哦，防疫还是要做好。陈奕天工作室的微博视频,0,0,0,04月16日
327,467,程程说八卦,:武汉解封 陈奕天 助力湖北重启 祝福荆楚大地重回人间烟火气，提醒解封还是不能放松哦，防疫还是要做好。陈奕天工作室的微博视频,0,0,0,04月16日
328,468,陈奕天全球后援会,:武汉解封 陈奕天 助力湖北重启 祝福荆楚大地重回人间烟火气，提醒解封还是不能放松哦，防疫还是要做好。陈奕天工作室的微博视频,0,0,0,04月16日
329,469,娱乐影视动态,:武汉解封 陈奕天 助力湖北重启 祝福荆楚大地重回人间烟火气，提醒解封还是不能放松哦，防疫还是要做好。陈奕天工作室的微博视频,0,0,0,04月16日
330,470,明星娱乐动态追踪,:武汉解封 陈奕天 助力湖北重启 祝福荆楚大地重回人间烟火气，提醒解封还是不能放松哦，防疫还是要做好。陈奕天工作室的微博视频,0,0,0,04月16日
331,471,大明星八卦动态,:武汉解封 陈奕天 助力湖北重启 祝福荆楚大地重回人间烟火气，提醒解封还是不能放松哦，防疫还是要做好。陈奕天工作室的微博视频,0,0,0,04月16日
332,472,娱乐台八卦追踪,:武汉解封 陈奕天 助力湖北重启 祝福荆楚大地重回人间烟火气，提醒解封还是不能放松哦，防疫还是要做好。陈奕天工作室的微博视频,0,0,0,04月15日
333,473,文文讲娱乐,:武汉解封 陈奕天 助力湖北重启 祝福荆楚大地重回人间烟火气，提醒解封还是不能放松哦，防疫还是要做好。陈奕天工作室的微博视频,0,0,0,04月15日
334,474,ZHENGJIA-LILI-,:#湖北什么时候解封#黄冈罗田已经第14天0增长了 还要关我们到什么时候  整个湖北市就陪一个武汉省关关关,0,0,0,04月15日
335,475,娱乐明星百家谈,:武汉解封 陈奕天 助力湖北重启 祝福荆楚大地重回人间烟火气，提醒解封还是不能放松哦，防疫还是要做好。陈奕天工作室的微博视频,0,0,0,04月15日
336,476,守护娱乐明星,:武汉解封 陈奕天 助力湖北重启 祝福荆楚大地重回人间烟火气，提醒解封还是不能放松哦，防疫还是要做好。陈奕天工作室的微博视频,0,0,0,04月15日
337,477,撒_韬,:#湖北什么时候解封#黄冈罗田已经第14天0增长了 还要关我们到什么时候  整个湖北市就陪一个武汉省关关关,0,0,0,04月15日
338,478,亚洲传媒香港官方微博,:武汉解封 陈奕天 助力湖北重启 祝福荆楚大地重回人间烟火气，提醒解封还是不能放松哦，防疫还是要做好。陈奕天工作室的微博视频,0,0,0,04月15日
339,479,娱乐台YuLeTai,:武汉解封 陈奕天 助力湖北重启 祝福荆楚大地重回人间烟火气，提醒解封还是不能放松哦，防疫还是要做好。陈奕天工作室的微博视频,0,0,0,04月15日
340,480,天天开聊,:武汉解封 陈奕天 助力湖北重启 祝福荆楚大地重回人间烟火气，提醒解封还是不能放松哦，防疫还是要做好。陈奕天工作室的微博视频,0,0,0,04月15日
341,481,爱豆歌曲大放送,:武汉解封 陈奕天 助力湖北重启 祝福荆楚大地重回人间烟火气，提醒解封还是不能放松哦，防疫还是要做好。陈奕天工作室的微博视频,0,0,0,04月15日
342,482,g__azi__n,:#湖北什么时候解封#黄冈罗田已经第14天0增长了 还要关我们到什么时候  整个湖北市就陪一个武汉省关关关,0,0,0,04月15日
343,483,讲杜邢渡蜒勤灿,:#湖北什么时候解封#黄冈罗田已经第14天0增长了 还要关我们到什么时候  整个湖北市就陪一个武汉省关关关,0,0,0,04月15日
344,484,甘_欣-,:#湖北什么时候解封#黄冈罗田已经第14天0增长了 还要关我们到什么时候  整个湖北市就陪一个武汉省关关关,0,0,0,04月15日
345,485,i-kiki-琪,:#湖北什么时候解封#黄冈罗田已经第14天0增长了 还要关我们到什么时候  整个湖北市就陪一个武汉省关关关,0,0,0,04月14日
346,486,宜录放擞寿头shan,:#湖北什么时候解封#黄冈罗田已经第14天0增长了 还要关我们到什么时候  整个湖北市就陪一个武汉省关关关,0,0,0,04月14日
347,487,现代农__业-姜国民,:#湖北什么时候解封#黄冈罗田已经第14天0增长了 还要关我们到什么时候  整个湖北市就陪一个武汉省关关关,0,0,0,04月13日
348,488,封冻沿边,:#湖北什么时候解封#黄冈罗田已经第14天0增长了 还要关我们到什么时候  整个湖北市就陪一个武汉省关关关,0,0,0,04月13日
349,489,程程说八卦,:武汉解封 陈奕天 助力湖北重启 祝福荆楚大地重回人间烟火气，提醒解封还是不能放松哦，防疫还是要做好。陈奕天工作室的微博视频,0,0,0,04月13日
350,490,陈奕天全球后援会,:武汉解封 陈奕天 助力湖北重启 祝福荆楚大地重回人间烟火气，提醒解封还是不能放松哦，防疫还是要做好。陈奕天工作室的微博视频,0,0,0,04月13日
351,491,明星娱乐动态追踪,:武汉解封 陈奕天 助力湖北重启 祝福荆楚大地重回人间烟火气，提醒解封还是不能放松哦，防疫还是要做好。陈奕天工作室的微博视频,0,0,0,04月13日
352,492,大明星八卦动态,:武汉解封 陈奕天 助力湖北重启 祝福荆楚大地重回人间烟火气，提醒解封还是不能放松哦，防疫还是要做好。陈奕天工作室的微博视频,0,0,0,04月13日
353,493,明星八卦动态,:武汉解封 陈奕天 助力湖北重启 祝福荆楚大地重回人间烟火气，提醒解封还是不能放松哦，防疫还是要做好。陈奕天工作室的微博视频,0,0,0,04月13日
354,494,娱乐台八卦追踪,:武汉解封 陈奕天 助力湖北重启 祝福荆楚大地重回人间烟火气，提醒解封还是不能放松哦，防疫还是要做好。陈奕天工作室的微博视频,0,0,0,04月13日
355,495,文文讲娱乐,:武汉解封 陈奕天 助力湖北重启 祝福荆楚大地重回人间烟火气，提醒解封还是不能放松哦，防疫还是要做好。陈奕天工作室的微博视频,0,0,0,04月13日
356,496,娱乐明星百家谈,:武汉解封 陈奕天 助力湖北重启 祝福荆楚大地重回人间烟火气，提醒解封还是不能放松哦，防疫还是要做好。陈奕天工作室的微博视频,0,0,0,04月13日
357,497,陈奕天家的安筠,:武汉解封 陈奕天 助力湖北重启 祝福荆楚大地重回人间烟火气，提醒解封还是不能放松哦，防疫还是要做好。陈奕天工作室的微博视频,0,0,0,04月13日
358,498,守护娱乐明星,:武汉解封 陈奕天 助力湖北重启 祝福荆楚大地重回人间烟火气，提醒解封还是不能放松哦，防疫还是要做好。陈奕天工作室的微博视频,0,0,0,04月13日
359,499,陈奕天歌友会,:武汉解封 陈奕天 助力湖北重启 祝福荆楚大地重回人间烟火气，提醒解封还是不能放松哦，防疫还是要做好。陈奕天工作室的微博视频,0,0,0,04月13日
360,500,亚洲传媒香港官方微博,:武汉解封 陈奕天 助力湖北重启 祝福荆楚大地重回人间烟火气，提醒解封还是不能放松哦，防疫还是要做好。陈奕天工作室的微博视频,0,0,0,04月13日
361,501,娱乐台YuLeTai,:武汉解封 陈奕天 助力湖北重启 祝福荆楚大地重回人间烟火气，提醒解封还是不能放松哦，防疫还是要做好。陈奕天工作室的微博视频,0,0,0,04月13日
362,502,天天开聊,:武汉解封 陈奕天 助力湖北重启 祝福荆楚大地重回人间烟火气，提醒解封还是不能放松哦，防疫还是要做好。陈奕天工作室的微博视频,0,0,0,04月13日
363,503,爱豆歌曲大放送,:武汉解封 陈奕天 助力湖北重启 祝福荆楚大地重回人间烟火气，提醒解封还是不能放松哦，防疫还是要做好。陈奕天工作室的微博视频,0,0,0,04月13日
364,504,陈奕天official,:武汉解封 陈奕天 助力湖北重启 祝福荆楚大地重回人间烟火气，提醒解封还是不能放松哦，防疫还是要做好。陈奕天工作室的微博视频,0,0,0,04月13日
365,505,uthcu3icgb,:解封了。 顺序是： 1、沿海工业不严重城市（等不起） 2、北京及大城市周边... 5、北京、上海、广州、深圳（不敢马虎，毕竟里面住的人不同） 6、湖北除去武汉外武汉解封的直播，说：我分明没有去过那座城市，却在零点听到钟声的时候忍不住掉眼泪了，太不容易了。 武汉解封直播 谁说武汉武汉啥时候解封不是武汉或者湖北说了算的。 至于湖北省内其他城市也不要想着单独解封了，湖北省内很多地方去外省都需要在武汉中转，武汉没解封可以理解，也是为了尽快控制疫情... 况且还有光谷这么大一个高新科技园区。同时武汉还有内陆最好的几所大学，华科，武大等等。但是武汉以外的http://t.cn/A6hYcn2C,0,0,0,04月12日
366,506,挡号弥确懒某gai,:#湖北什么时候解封#黄冈罗田已经第14天0增长了 还要关我们到什么时候  整个湖北市就陪一个武汉省关关关,0,0,0,04月12日
367,507,纬靶蚊量裙瓮ji,:#湖北什么时候解封#黄冈罗田已经第14天0增长了 还要关我们到什么时候  整个湖北市就陪一个武汉省关关关,0,0,0,04月12日
368,508,安全_丶学员,:#湖北什么时候解封#黄冈罗田已经第14天0增长了 还要关我们到什么时候  整个湖北市就陪一个武汉省关关关,0,0,0,04月12日
369,509,我是小__葵子_671,:#湖北什么时候解封#黄冈罗田已经第14天0增长了 还要关我们到什么时候  整个湖北市就陪一个武汉省关关关,0,0,0,04月12日
370,510,_晨晨晨小Ke丶y大号星星控,:#湖北什么时候解封#黄冈罗田已经第14天0增长了 还要关我们到什么时候  整个湖北市就陪一个武汉省关关关,0,0,0,04月11日
371,511,胖胖妈哈哈哈哈,:距武汉解封已过去三个月，感谢所有为湖北、为武汉拼过命的你们,0,0,0,04月11日
372,512,-J__Jing,:#湖北什么时候解封#黄冈罗田已经第14天0增长了 还要关我们到什么时候  整个湖北市就陪一个武汉省关关关,0,0,0,04月11日
373,513,Bo_wie-包兒,:#湖北什么时候解封#黄冈罗田已经第14天0增长了 还要关我们到什么时候  整个湖北市就陪一个武汉省关关关,0,0,0,04月11日
374,514,-ZJ-C,:#湖北什么时候解封#黄冈罗田已经第14天0增长了 还要关我们到什么时候  整个湖北市就陪一个武汉省关关关,0,0,0,04月11日
375,515,都市摄影家,:绝了 今天，一起点亮武汉!武汉解封湖北好久不见行走七大洲的微博视频,2,0,1,04月10日
376,516,彩雲boyfriend,:#香港解封#hkzf真的一言难尽，武汉湖北都恢复正常了，hk却一直出现病例，断开内地连接却接收多少境外人士了，不想说话了跟女朋友分开的第154天,12,0,0,04月10日
377,517,离歌如此伤,:#湖北什么时候解封#黄冈罗田已经第14天0增长了 还要关我们到什么时候  整个湖北市就陪一个武汉省关关关,0,0,0,04月10日
378,518,Dro丶lma-G,:#湖北什么时候解封#黄冈罗田已经第14天0增长了 还要关我们到什么时候  整个湖北市就陪一个武汉省关关关,0,0,0,04月10日
379,519,程程说八卦,:武汉解封 陈奕天 助力湖北重启 祝福荆楚大地重回人间烟火气，提醒解封还是不能放松哦，防疫还是要做好。陈奕天工作室的微博视频,0,0,0,04月28日
380,520,芒果最八卦,:武汉解封 陈奕天 助力湖北重启 祝福荆楚大地重回人间烟火气，提醒解封还是不能放松哦，防疫还是要做好。陈奕天工作室的微博视频,0,0,0,04月28日
381,521,大明星八卦动态,:武汉解封 陈奕天 助力湖北重启 祝福荆楚大地重回人间烟火气，提醒解封还是不能放松哦，防疫还是要做好。陈奕天工作室的微博视频,0,0,0,04月28日
382,522,明星八卦动态,:武汉解封 陈奕天 助力湖北重启 祝福荆楚大地重回人间烟火气，提醒解封还是不能放松哦，防疫还是要做好。陈奕天工作室的微博视频,0,0,0,04月28日
383,523,陈奕,:武汉解封 陈奕天 助力湖北重启 祝福荆楚大地重回人间烟火气，提醒解封还是不能放松哦，防疫还是要做好。陈奕天工作室的微博视频,0,0,0,04月28日
384,524,陈奕天家的安筠,:武汉解封 陈奕天 助力湖北重启 祝福荆楚大地重回人间烟火气，提醒解封还是不能放松哦，防疫还是要做好。陈奕天工作室的微博视频,0,0,0,04月28日
385,525,守护娱乐明星,:武汉解封 陈奕天 助力湖北重启 祝福荆楚大地重回人间烟火气，提醒解封还是不能放松哦，防疫还是要做好。陈奕天工作室的微博视频,0,0,0,04月28日
386,526,看贵州,:#感恩有你山河无恙#【蔡徐坤、佟丽娅献唱！抗疫公益MV《山河无恙在我胸》】“选择了多少向死而生，终于等到冰雪消融；经历了多少负重前行，今夜光芒照亮天空…” 无数英雄逆行出征，守护生命，终于将要迎来湖北和武汉的“解封”时刻！戳↓听@佟丽娅@蔡徐坤合唱《山河无恙在我胸》，向战疫中所有努力的中国人致敬！,2,0,2,04月28日
387,527,短报,:#感恩有你山河无恙#【蔡徐坤、佟丽娅献唱！抗疫公益MV《山河无恙在我胸》】“选择了多少向死而生，终于等到冰雪消融；经历了多少负重前行，今夜光芒照亮天空…” 无数英雄逆行出征，守护生命，终于将要迎来湖北和武汉的“解封”时刻！戳↓听@佟丽娅@蔡徐坤合唱《山河无恙在我胸》，向战疫中所有努力的中国人致敬！,0,0,0,04月28日
388,528,废报,:#感恩有你山河无恙#【蔡徐坤、佟丽娅献唱！抗疫公益MV《山河无恙在我胸》】“选择了多少向死而生，终于等到冰雪消融；经历了多少负重前行，今夜光芒照亮天空…” 无数英雄逆行出征，守护生命，终于将要迎来湖北和武汉的“解封”时刻！戳↓听@佟丽娅@蔡徐坤合唱《山河无恙在我胸》，向战疫中所有努力的中国人致敬！,0,0,0,04月28日
389,529,娱队,:#感恩有你山河无恙#【蔡徐坤、佟丽娅献唱！抗疫公益MV《山河无恙在我胸》】“选择了多少向死而生，终于等到冰雪消融；经历了多少负重前行，今夜光芒照亮天空…” 无数英雄逆行出征，守护生命，终于将要迎来湖北和武汉的“解封”时刻！戳↓听@佟丽娅@蔡徐坤合唱《山河无恙在我胸》，向战疫中所有努力的中国人致敬！,0,0,0,04月28日
390,530,陈奕天歌友会,:武汉解封 陈奕天 助力湖北重启 祝福荆楚大地重回人间烟火气，提醒解封还是不能放松哦，防疫还是要做好。陈奕天工作室的微博视频,0,0,0,04月28日
391,531,亚洲传媒香港官方微博,:武汉解封 陈奕天 助力湖北重启 祝福荆楚大地重回人间烟火气，提醒解封还是不能放松哦，防疫还是要做好。陈奕天工作室的微博视频,0,0,0,04月28日
392,532,娱乐台YuLeTai,:武汉解封 陈奕天 助力湖北重启 祝福荆楚大地重回人间烟火气，提醒解封还是不能放松哦，防疫还是要做好。陈奕天工作室的微博视频,0,0,0,04月28日
393,533,天天开聊,:武汉解封 陈奕天 助力湖北重启 祝福荆楚大地重回人间烟火气，提醒解封还是不能放松哦，防疫还是要做好。陈奕天工作室的微博视频,0,0,0,04月28日
394,534,光明网,:三个月前的今天4月8日，武汉“解封”，湖北“重启”。疫情防控战斗中，湖北公安全警动员，“逆行”向前，战疫一线。三个月来，湖北有条不紊地进入复苏跑道，39万高三学子也终于等来人生大考。今天，通过直播，来看看湖北公安机关在“护航高考”中做了哪些谋划。 光明网的微博视频 .,2707,1015,786,04月28日
395,535,陈奕天official,:武汉解封 陈奕天 助力湖北重启 祝福荆楚大地重回人间烟火气，提醒解封还是不能放松哦，防疫还是要做好。陈奕天工作室的微博视频,0,0,0,04月28日
396,536,风之谷很喜欢多多丶洛,:#湖北什么时候解封#黄冈罗田已经第14天0增长了 还要关我们到什么时候  整个湖北市就陪一个武汉省关关关,0,0,0,04月28日
397,537,体育点评,:绝了 今天，一起点亮武汉!武汉解封湖北好久不见行走七大洲的微博视频,2,0,2,04月28日
398,538,默_默桃子,:#湖北什么时候解封#黄冈罗田已经第14天0增长了 还要关我们到什么时候  整个湖北市就陪一个武汉省关关关,0,0,0,04月28日
399,539,匡小微,“武汉太危险，最好你不要去”“是不是现在还有很多隐瞒的感染者？”我的日本朋友对武汉有很多偏见。我是作为住在中国的外国人，作为纪录片的导演，特别想去拍武汉，想给全世界介绍真实的武汉。于是我在微博上募集了可以接受我们拍摄的武汉人，然后一百多个人报名了，最后我们选择了十个人的故事。希望通过这部作品让更多的人了解现在的武汉。我们对这个作品有信心，但是我们没有经费做推广。所以只能靠每一个朋友们的扩散力量。大家看完后觉得不错的话，请帮我们转发，给周边的人宣传一下。谢谢！#好久不见，武汉#http://t.cn/A6L3Uv3f,0,0,0,04月28日
400,540,daydreamerci,“武汉太危险，最好你不要去”“是不是现在还有很多隐瞒的感染者？”我的日本朋友对武汉有很多偏见。我是作为住在中国的外国人，作为纪录片的导演，特别想去拍武汉，想给全世界介绍真实的武汉。于是我在微博上募集了可以接受我们拍摄的武汉人，然后一百多个人报名了，最后我们选择了十个人的故事。希望通过这部作品让更多的人了解现在的武汉。我们对这个作品有信心，但是我们没有经费做推广。所以只能靠每一个朋友们的扩散力量。大家看完后觉得不错的话，请帮我们转发，给周边的人宣传一下。谢谢！#好久不见，武汉#http://t.cn/A6L3Uv3f,0,0,0,04月28日
401,541,时尚丶星座,:绝了 今天，一起点亮武汉!武汉解封湖北好久不见行走七大洲的微博视频,4,1,3,04月28日
402,542,时尚丶星座,:绝了 今天，一起点亮武汉!武汉解封湖北好久不见行走七大洲的微博视频,4,1,3,04月28日
403,543,jxshe-nym,:#湖北什么时候解封#黄冈罗田已经第14天0增长了 还要关我们到什么时候  整个湖北市就陪一个武汉省关关关,0,0,0,04月15日
404,544,沐揚pan,“武汉太危险，最好你不要去”“是不是现在还有很多隐瞒的感染者？”我的日本朋友对武汉有很多偏见。我是作为住在中国的外国人，作为纪录片的导演，特别想去拍武汉，想给全世界介绍真实的武汉。于是我在微博上募集了可以接受我们拍摄的武汉人，然后一百多个人报名了，最后我们选择了十个人的故事。希望通过这部作品让更多的人了解现在的武汉。我们对这个作品有信心，但是我们没有经费做推广。所以只能靠每一个朋友们的扩散力量。大家看完后觉得不错的话，请帮我们转发，给周边的人宣传一下。谢谢！#好久不见，武汉#http://t.cn/A6L3Uv3f,0,0,0,04月15日
405,545,小瓶盖和达达呀,:#乘火车离京不再检查核酸阴性证明#双标啊驰名商标啊，湖北到现在小区都封着，尤其是武汉小区都没有解封，我们天天这样为了谁啊，北京昨天就已经输入襄阳一例了，能不能别这样区别对待啊，真是心疼湖北人民，真是不知道说什么才好,0,0,0,04月15日
406,546,熊熊37649,“武汉太危险，最好你不要去”“是不是现在还有很多隐瞒的感染者？”我的日本朋友对武汉有很多偏见。我是作为住在中国的外国人，作为纪录片的导演，特别想去拍武汉，想给全世界介绍真实的武汉。于是我在微博上募集了可以接受我们拍摄的武汉人，然后一百多个人报名了，最后我们选择了十个人的故事。希望通过这部作品让更多的人了解现在的武汉。我们对这个作品有信心，但是我们没有经费做推广。所以只能靠每一个朋友们的扩散力量。大家看完后觉得不错的话，请帮我们转发，给周边的人宣传一下。谢谢！#好久不见，武汉#http://t.cn/A6L3Uv3f,2,0,0,04月15日
407,547,明星娱乐动态追踪,:武汉解封 陈奕天 助力湖北重启 祝福荆楚大地重回人间烟火气，提醒解封还是不能放松哦，防疫还是要做好。陈奕天工作室的微博视频,0,0,0,04月15日
408,548,大明星八卦动态,:武汉解封 陈奕天 助力湖北重启 祝福荆楚大地重回人间烟火气，提醒解封还是不能放松哦，防疫还是要做好。陈奕天工作室的微博视频,0,0,0,04月15日
409,549,lisa霞小妹,“武汉太危险，最好你不要去”“是不是现在还有很多隐瞒的感染者？”我的日本朋友对武汉有很多偏见。我是作为住在中国的外国人，作为纪录片的导演，特别想去拍武汉，想给全世界介绍真实的武汉。于是我在微博上募集了可以接受我们拍摄的武汉人，然后一百多个人报名了，最后我们选择了十个人的故事。希望通过这部作品让更多的人了解现在的武汉。我们对这个作品有信心，但是我们没有经费做推广。所以只能靠每一个朋友们的扩散力量。大家看完后觉得不错的话，请帮我们转发，给周边的人宣传一下。谢谢！#好久不见，武汉#http://t.cn/A6L3Uv3f,0,0,0,04月15日
410,550,陈奕天家的安筠,:武汉解封 陈奕天 助力湖北重启 祝福荆楚大地重回人间烟火气，提醒解封还是不能放松哦，防疫还是要做好。陈奕天工作室的微博视频,0,0,0,04月15日
411,551,守护娱乐明星,:武汉解封 陈奕天 助力湖北重启 祝福荆楚大地重回人间烟火气，提醒解封还是不能放松哦，防疫还是要做好。陈奕天工作室的微博视频,0,0,0,04月15日
412,552,陈奕天歌友会,:武汉解封 陈奕天 助力湖北重启 祝福荆楚大地重回人间烟火气，提醒解封还是不能放松哦，防疫还是要做好。陈奕天工作室的微博视频,0,0,0,04月15日
413,553,天天开聊,:武汉解封 陈奕天 助力湖北重启 祝福荆楚大地重回人间烟火气，提醒解封还是不能放松哦，防疫还是要做好。陈奕天工作室的微博视频,0,0,0,04月15日
414,554,美_梦儿LU,:#湖北什么时候解封#黄冈罗田已经第14天0增长了 还要关我们到什么时候  整个湖北市就陪一个武汉省关关关,0,0,0,04月15日
415,555,XL_ShillAr,“武汉太危险，最好你不要去”“是不是现在还有很多隐瞒的感染者？”我的日本朋友对武汉有很多偏见。我是作为住在中国的外国人，作为纪录片的导演，特别想去拍武汉，想给全世界介绍真实的武汉。于是我在微博上募集了可以接受我们拍摄的武汉人，然后一百多个人报名了，最后我们选择了十个人的故事。希望通过这部作品让更多的人了解现在的武汉。我们对这个作品有信心，但是我们没有经费做推广。所以只能靠每一个朋友们的扩散力量。大家看完后觉得不错的话，请帮我们转发，给周边的人宣传一下。谢谢！#好久不见，武汉#http://t.cn/A6L3Uv3f,1,0,1,04月15日
416,556,401711丶577_84e9f3,:#湖北什么时候解封#黄冈罗田已经第14天0增长了 还要关我们到什么时候  整个湖北市就陪一个武汉省关关关,0,0,0,04月15日
417,557,半眠日记gg,:武汉解封的直播，说：我分明没有去过那座城市，却在零点听到钟声的时候忍不住掉眼泪了，太不容易了。 武汉解封直播 谁说武汉解封了。 顺序是： 1、沿海工业不严重城市（等不起） 2、北京及大城市周边... 5、北京、上海、广州、深圳（不敢马虎，毕竟里面住的人不同） 6、湖北除去武汉外解封武汉啥时候解封不是武汉或者湖北说了算的。 至于湖北省内其他城市也不要想着单独解封了，湖北省内很多地方去外省都需要在武汉中转，武汉没解封武汉周边小城市，13号起有序解封的城市，整体禁足14天后，不再有新增的疑似病例，或者疑似病例，政府部门可以完全掌控。市域内即可解封，但即使解封http://t.cn/A67NakaJ,0,0,0,04月15日
418,558,时光敬远,:武汉解封的直播，说：我分明没有去过那座城市，却在零点听到钟声的时候忍不住掉眼泪了，太不容易了。 武汉解封直播 谁说武汉解封了。 顺序是： 1、沿海工业不严重城市（等不起） 2、北京及大城市周边... 5、北京、上海、广州、深圳（不敢马虎，毕竟里面住的人不同） 6、湖北除去武汉外解封武汉啥时候解封不是武汉或者湖北说了算的。 至于湖北省内其他城市也不要想着单独解封了，湖北省内很多地方去外省都需要在武汉中转，武汉没解封武汉周边小城市，13号起有序解封的城市，整体禁足14天后，不再有新增的疑似病例，或者疑似病例，政府部门可以完全掌控。市域内即可解封，但即使解封http://t.cn/A67NakaJ,0,0,0,04月15日
419,559,Lisa飞马看世界,“武汉太危险，最好你不要去”“是不是现在还有很多隐瞒的感染者？”我的日本朋友对武汉有很多偏见。我是作为住在中国的外国人，作为纪录片的导演，特别想去拍武汉，想给全世界介绍真实的武汉。于是我在微博上募集了可以接受我们拍摄的武汉人，然后一百多个人报名了，最后我们选择了十个人的故事。希望通过这部作品让更多的人了解现在的武汉。我们对这个作品有信心，但是我们没有经费做推广。所以只能靠每一个朋友们的扩散力量。大家看完后觉得不错的话，请帮我们转发，给周边的人宣传一下。谢谢！#好久不见，武汉#http://t.cn/A6L3Uv3f,0,0,0,04月15日
420,560,醉相思kyy,":湖北省除武汉,天门。其余地区均有十五天以上未新增了... 4.虽然湖北解封了但不代表大家都是无组织无纪律的一窝蜂跑出湖北。目前出湖北湖北省没有发布开学时间，其他省份基本上都公布了高三和初三的开学时间还有一些省份是以疫情发展情况而定... 我们必须理解和支持避免再次发生这样的事情。所以目前小区还是不会解封，如果要解封湖北省内机场能解封什么待遇？ “工厂招工拒绝湖北人”，“湖北人被房东赶出住所”... 呼吁大家平等对待湖北同胞！ 其实，早在多日前，湖北省多名领导便呼吁各地，对湖北时候，武汉最慌乱最无助最恐慌的时候，网上批判，质疑，愤怒，无助... 迎来了一支又一支医疗队，所有的武汉人民，湖北http://t.cn/A67SP0DS",0,0,0,04月15日
421,561,星河茶话会zyy,:武汉解封的直播，说：我分明没有去过那座城市，却在零点听到钟声的时候忍不住掉眼泪了，太不容易了。 武汉解封直播 谁说武汉解封了。 顺序是： 1、沿海工业不严重城市（等不起） 2、北京及大城市周边... 5、北京、上海、广州、深圳（不敢马虎，毕竟里面住的人不同） 6、湖北除去武汉外武汉啥时候解封不是武汉或者湖北说了算的。 至于湖北省内其他城市也不要想着单独解封了，湖北省内很多地方去外省都需要在武汉中转，武汉没解封解封武汉周边小城市，13号起有序解封的城市，整体禁足14天后，不再有新增的疑似病例，或者疑似病例，政府部门可以完全掌控。市域内即可解封，但即使解封http://t.cn/A67NakaJ,0,0,0,04月15日
422,562,笑蹦起来,:湖北武汉解封第一天街头另类景观，多日不见人的黄鼠狼不再怕人，饿得四处向路人要吃的。,0,0,0,04月15日
423,563,怪我太傻丶da,:武汉解封的直播，说：我分明没有去过那座城市，却在零点听到钟声的时候忍不住掉眼泪了，太不容易了。 武汉解封直播 谁说武汉解封了。 顺序是： 1、沿海工业不严重城市（等不起） 2、北京及大城市周边... 5、北京、上海、广州、深圳（不敢马虎，毕竟里面住的人不同） 6、湖北除去武汉外解封武汉周边小城市，13号起有序解封的时候，作为一个湖北人心里的确五味杂陈，不仅因为武汉 湖北的公信力在几个月之间掉到历史最低，也不仅是因为老是被查身份证 测体温 跑街道办。而是湖北武汉啥时候解封不是武汉或者湖北说了算的。 至于湖北省内其他城市也不要想着单独解封了，湖北省内很多地方去外省都需要在武汉中转，武汉没解封http://t.cn/A6hYcn2C,2,0,0,04月15日
424,564,必过雅思的制小蓝08,:武汉解封的直播，说：我分明没有去过那座城市，却在零点听到钟声的时候忍不住掉眼泪了，太不容易了。 武汉解封直播 谁说武汉解封了。 顺序是： 1、沿海工业不严重城市（等不起） 2、北京及大城市周边... 5、北京、上海、广州、深圳（不敢马虎，毕竟里面住的人不同） 6、湖北除去武汉外解封武汉周边小城市，13号起有序解封的时候，作为一个湖北人心里的确五味杂陈，不仅因为武汉 湖北的公信力在几个月之间掉到历史最低，也不仅是因为老是被查身份证 测体温 跑街道办。而是湖北武汉啥时候解封不是武汉或者湖北说了算的。 至于湖北省内其他城市也不要想着单独解封了，湖北省内很多地方去外省都需要在武汉中转，武汉没解封http://t.cn/A6hYcn2C,0,0,0,04月15日
425,565,江城每日事儿,:#湖北##武汉#武汉解封后，黄鼠狼隔天再出现时“捡食垃圾”，原为灭鼠引入江城 江城每日资讯的微博视频,0,0,0,04月15日
426,566,星梦童缘111,:武汉解封的直播，说：我分明没有去过那座城市，却在零点听到钟声的时候忍不住掉眼泪了，太不容易了。 武汉解封直播 谁说武汉解封了。 顺序是： 1、沿海工业不严重城市（等不起） 2、北京及大城市周边... 5、北京、上海、广州、深圳（不敢马虎，毕竟里面住的人不同） 6、湖北除去武汉外解封武汉周边小城市，13号起有序解封的时候，作为一个湖北人心里的确五味杂陈，不仅因为武汉 湖北的公信力在几个月之间掉到历史最低，也不仅是因为老是被查身份证 测体温 跑街道办。而是湖北武汉啥时候解封不是武汉或者湖北说了算的。 至于湖北省内其他城市也不要想着单独解封了，湖北省内很多地方去外省都需要在武汉中转，武汉没解封http://t.cn/A67NakaJ,0,0,0,04月15日
427,567,澎湃新闻,":#武汉解封首日黄鼠狼上街讨饭#【解封首日，黄鼠狼在江汉路找路人讨食】4月8日，湖北武汉解封首日，一只黄鼠狼在江汉路街头窜来窜去，不时立起身，伸出爪子向路人""讨饭吃""。网友：两月没见真人；有点心酸，有点可爱。（ 素材来源：相关人士）解封首日，黄鼠狼在江汉路找路人讨食 澎湃新闻的微博视频",6280,442,576,04月15日
428,568,尘心阵亡,:我真心觉得国家应该给李佳琦和薇娅为扶贫和赈灾做的工作颁奖。两个人的公益直播带货不知道多少场。湖北解封之后连续N天都是湖北专场、武汉专场，这些天的扶贫专场更是全国各地跑。别看他们就是淘宝主播，他们做的事多少名人都做不到。,4,0,0,04月13日
429,569,袁毕加,:#武汉解封#@陈奕天助力湖北重启 祝福荆楚大地重回人间烟火气，提醒解封还是不能放松哦，防疫还是要做好。陈奕天工作室的微博视频,0,0,0,04月12日
430,570,陈奕天全球后援会,:#武汉解封#@陈奕天助力湖北重启 祝福荆楚大地重回人间烟火气，提醒解封还是不能放松哦，防疫还是要做好。陈奕天工作室的微博视频,0,0,0,04月12日
431,571,娱乐影视动态,:#武汉解封#@陈奕天助力湖北重启 祝福荆楚大地重回人间烟火气，提醒解封还是不能放松哦，防疫还是要做好。陈奕天工作室的微博视频,0,0,0,04月12日
432,572,明星八卦动态,:#武汉解封#@陈奕天助力湖北重启 祝福荆楚大地重回人间烟火气，提醒解封还是不能放松哦，防疫还是要做好。陈奕天工作室的微博视频,0,0,0,04月12日
433,573,娱乐台八卦追踪,:#武汉解封#@陈奕天助力湖北重启 祝福荆楚大地重回人间烟火气，提醒解封还是不能放松哦，防疫还是要做好。陈奕天工作室的微博视频,0,0,0,04月12日
434,574,文文讲娱乐,:#武汉解封#@陈奕天助力湖北重启 祝福荆楚大地重回人间烟火气，提醒解封还是不能放松哦，防疫还是要做好。陈奕天工作室的微博视频,0,0,0,04月12日
435,575,天天聊天天,:#武汉解封#@陈奕天助力湖北重启 祝福荆楚大地重回人间烟火气，提醒解封还是不能放松哦，防疫还是要做好。陈奕天工作室的微博视频,0,0,0,04月12日
436,576,守护娱乐明星,:#武汉解封#@陈奕天助力湖北重启 祝福荆楚大地重回人间烟火气，提醒解封还是不能放松哦，防疫还是要做好。陈奕天工作室的微博视频,0,0,0,04月12日
437,577,陈奕天歌友会,:#武汉解封#@陈奕天助力湖北重启 祝福荆楚大地重回人间烟火气，提醒解封还是不能放松哦，防疫还是要做好。陈奕天工作室的微博视频,0,0,0,04月12日
438,578,亚洲传媒香港官方微博,:#武汉解封#@陈奕天助力湖北重启 祝福荆楚大地重回人间烟火气，提醒解封还是不能放松哦，防疫还是要做好。陈奕天工作室的微博视频,0,0,0,04月12日
439,579,天天开聊,:#武汉解封#@陈奕天助力湖北重启 祝福荆楚大地重回人间烟火气，提醒解封还是不能放松哦，防疫还是要做好。陈奕天工作室的微博视频,1,0,0,04月12日
440,580,爱豆歌曲大放送,:#武汉解封#@陈奕天助力湖北重启 祝福荆楚大地重回人间烟火气，提醒解封还是不能放松哦，防疫还是要做好。陈奕天工作室的微博视频,0,0,0,04月12日
441,581,陈奕天official,:#武汉解封#@陈奕天助力湖北重启 祝福荆楚大地重回人间烟火气，提醒解封还是不能放松哦，防疫还是要做好。陈奕天工作室的微博视频,0,0,0,04月12日
442,582,湖北电视台官方微博,:#新闻看点#4月8号，“武汉解封”成为全网热点，新浪新闻联合新华网、湖北电视综合频道共同发起公益活动，独家策划公益画册《2020我想说：谢谢你》，收录抗疫期间医护人员在一线的新闻照片，并在5月下旬，将1本手... 谢谢你！ 抗疫一线珍贵画册送给最可爱的人,1,0,0,04月11日
443,583,原装超级超,:今天是2020年6月7日下午小区解封了！前有湖北江城后有北国江城吉林市接力真真切切的体验了一把武汉封城封小区带来的不便和诸多问题！胜利✌ 继续加油！！！,2,0,3,04月13日
444,584,张欧亚,:湖北烟花气，，，武汉封城之后，第一次跨越市界———4月8日，武汉解封当夜，我到过武黄高速收费站，并跨越了武汉界线———但那日，我是把车停在武汉界内，步行跨越收费站，，，有些象征性，，，今天这次是，第一次实质性意义的离开武汉，走向两百个将军的同一个故乡,49,23,20,04月13日
445,585,杨露啊吧Hannah,:湖北地区快件收寄的相关说明如下： 1、湖北寄出：支持寄顺丰标快，顺丰特惠 2、寄往湖北：支持寄顺丰湖北不发，发顺丰可以吗？不发，邮政呢？也不发。敢情武汉不解封湖北其他市区还不发货了吧！我们都已经解封了好不好，快递快递企业的相关负责人纷纷立下“军令状”，表示要全力恢复湖北快递业的“战斗力”。如今，湖北快递业恢复顺丰：莆田——温州 普通快递公司：莆田——泉州（或福州）——义乌——温州 愣货快递公司：莆田——福州——杭州——温州 二逼快递顺丰快递实现了单月业务同比增加40.45%，月营收超百亿的战绩。 ▲顺丰航空在这次疫情中战绩彪炳... ▲顺丰速运创始人王卫 为什么顺丰能赢得这次突围战的胜利？ 当一切恢复http://t.cn/A62TEoPj,0,0,0,04月13日
446,586,向儿葵的花儿,:#武汉[超话]#武汉解封那么久了，湖北疫情也早就搞得差不多了，国内疫情控制差不多了，武汉全民核酸检测结果也出来了，武汉很安全，有些地方政府嘴上功夫特别厉害，嘴里喊武汉加油，湖北加油，可实际呢，说一套做一套，人面蛇心，浙江义乌，湖北健康码不认可，还有已经在武汉做过核酸检测了，到浙江义乌看下市场，准备批发点小商品回去摆地摊，辛苦忙活了一晚上准备找个地方休息下，遇见了一个很尴尬事情，义乌所有酒店宾馆不接待武汉人,2,0,0,04月13日
447,587,向儿葵的花儿,:#文旅部提醒切勿前往澳大利亚旅游#武汉解封那么久了，湖北疫情也早就搞得差不多了，国内疫情控制差不多了，武汉全民核酸检测结果也出来了，武汉很安全，有些地方政府嘴上功夫特别厉害，嘴里喊武汉加油，湖北加油，可实际呢，说一套做一套，人面蛇心，浙江义乌，湖北健康码不认可，还有已经在武汉做过核酸检测了，到浙江义乌看下市场，准备批发点小商品回去摆地摊，辛苦忙活了一晚上准备找个地方休息下，遇见了一个很尴尬事情，义乌所有酒店宾馆不接待武汉人,5,0,0,04月13日
448,588,鸡柳哥周稳成,:【周老板】#解封#今天，湖北（含武汉市）人员可以进京了。其实今天才算是武汉真正的解封。你懂的。不管怎么说，这也是一个非常重要的利好消息。（3015）#耿爽卸任外交部发言人#http://t.cn/A6z1328o,3,0,0,04月13日
449,589,娱乐影视动态,:#武汉解封#@陈奕天助力湖北重启 祝福荆楚大地重回人间烟火气，提醒解封还是不能放松哦，防疫还是要做好。陈奕天工作室的微博视频,2,0,0,04月13日
450,590,守护娱乐明星,:#武汉解封#@陈奕天助力湖北重启 祝福荆楚大地重回人间烟火气，提醒解封还是不能放松哦，防疫还是要做好。陈奕天工作室的微博视频,0,0,0,04月13日
451,591,亚洲传媒香港官方微博,:#武汉解封#@陈奕天助力湖北重启 祝福荆楚大地重回人间烟火气，提醒解封还是不能放松哦，防疫还是要做好。陈奕天工作室的微博视频,0,0,0,04月13日
452,592,娱乐台YuLeTai,:#武汉解封#@陈奕天助力湖北重启 祝福荆楚大地重回人间烟火气，提醒解封还是不能放松哦，防疫还是要做好。陈奕天工作室的微博视频,0,0,0,04月13日
453,593,爱豆歌曲大放送,:#武汉解封#@陈奕天助力湖北重启 祝福荆楚大地重回人间烟火气，提醒解封还是不能放松哦，防疫还是要做好。陈奕天工作室的微博视频,0,0,0,04月13日
454,594,用户1235691567_7778,:武汉的家病死，湖北除武汉都0增长了，我所在的城市病例快清零，为什么不放行?他说，没办法，湖北解封了。 顺序是： 1、沿海工业不严重城市（等不起） 2、北京及大城市周边... 5、北京、上海、广州、深圳（不敢马虎，毕竟里面住的人不同） 6、湖北除去武汉外湖北是疫情重灾区，确实应该以更严格的标准来判断是否能解封，目前除武汉外，湖北其他城市时候能解封。但预测要2月二十几号才有戏，不行的话估计要3月初才能解封，2月14号解封可能性很小。至于武汉，闭着眼睛都知道要封到3月份了，湖北省非武汉湖北不是只有一个武汉、难道周边城市就不配得到关注吗？考虑过周边疫情轻的地方逐步解封http://t.cn/A67NakaJ,0,0,0,04月13日
455,595,娱乐影视动态,:#武汉解封#@陈奕天助力湖北重启 祝福荆楚大地重回人间烟火气，提醒解封还是不能放松哦，防疫还是要做好。陈奕天工作室的微博视频,0,0,0,04月13日
456,596,明星娱乐动态追踪,:#武汉解封#@陈奕天助力湖北重启 祝福荆楚大地重回人间烟火气，提醒解封还是不能放松哦，防疫还是要做好。陈奕天工作室的微博视频,0,0,0,04月13日
457,597,大明星八卦动态,:#武汉解封#@陈奕天助力湖北重启 祝福荆楚大地重回人间烟火气，提醒解封还是不能放松哦，防疫还是要做好。陈奕天工作室的微博视频,0,0,0,04月13日
458,598,鲁建华定位,#主播说联播#【#不要区别对待来自武汉的同胞#】#武汉近990万人接受核酸检测无确诊#，如果把武汉看成一个人，这次核酸检测结果就是阴性，武汉很安全。有人可能说，花9亿元检测出300个无症状感染者值不值？能换来大家安心就值！如果大家看到这个结果能真的安心，对来自武汉的同胞不再区别对待，就真值了！http://t.cn/A62Oqtua,1,0,0,04月13日
459,599,鲁建华定位,#主播说联播#【#不要区别对待来自武汉的同胞#】#武汉近990万人接受核酸检测无确诊#，如果把武汉看成一个人，这次核酸检测结果就是阴性，武汉很安全。有人可能说，花9亿元检测出300个无症状感染者值不值？能换来大家安心就值！如果大家看到这个结果能真的安心，对来自武汉的同胞不再区别对待，就真值了！http://t.cn/A62Oqtua,7,1,1,04月13日
460,600,陈奕天歌友会,:#武汉解封#@陈奕天助力湖北重启 祝福荆楚大地重回人间烟火气，提醒解封还是不能放松哦，防疫还是要做好。陈奕天工作室的微博视频,0,0,0,04月13日
461,601,亚洲传媒香港官方微博,:#武汉解封#@陈奕天助力湖北重启 祝福荆楚大地重回人间烟火气，提醒解封还是不能放松哦，防疫还是要做好。陈奕天工作室的微博视频,5,2,5,04月13日
462,602,娱乐台YuLeTai,:#武汉解封#@陈奕天助力湖北重启 祝福荆楚大地重回人间烟火气，提醒解封还是不能放松哦，防疫还是要做好。陈奕天工作室的微博视频,0,0,0,04月13日
463,603,扬姐7087,:#武汉首次无症状者零新增##武汉头条#关于武汉的一些数字：2020.1.23（腊月二十九）上午武汉封城2020.2.10 （正月十七）武汉学生开始上网课2020.2.11 武汉所有小区实行封闭管理，团购开始2020.4.8 武汉解封，主要指火车站，汽车站，进出武汉通道（共76天）湖北绿码开始实施2020.5.14  武汉开启全民免费核酸检测2020.3.18新增为0，确诊为0，疑似为02020.4.1国家开始公布无症状感染病例2020.5.6武汉高三开学，7.6高考2020.5.20 武汉初三开学 7.20中考http://t.cn/z8LGanX,2,0,0,04月11日
464,604,寻找乐土40030,h留学生回不了家，到底是谁的错？ttps://mp.weixin.qq.com/s/5XC0uVg_raET-0zeFd4LYg,0,0,0,04月11日
465,605,机器猫1961,湖北武汉解封第一天街头另类景观，多日不见人的黄鼠狼不再怕人，饿得四处向路人要吃的。,0,0,0,04月11日
466,606,北方有佳人cz,:#湖北籍返京#我是一名湖北人为此我很荣幸。疫情期间无论别人怎么看待我们，我始终明白我们的压力很大。自武汉解封以来其他各地也都接纳湖北人至北京解除其他各省市的进京隔离14天。我想问一下现在限制湖北人进京有什么必要。假如湖北人有病毒感染者带到外省，外省人在携带病毒进京不用隔离。这不就是赤裸裸的歧视湖北人吗？先在解除湖北人进京隔离14天刻不容缓。在家隔离4个多月没上班的大有人在，希望政府领导重视关注民情民生谢谢。@央视新闻@人民网@新京报@人民网,0,0,0,04月11日
467,607,袁毕加,:#武汉解封#@陈奕天助力湖北重启 祝福荆楚大地重回人间烟火气，提醒解封还是不能放松哦，防疫还是要做好。陈奕天工作室的微博视频,0,0,0,04月11日
468,608,程程说八卦,:#武汉解封#@陈奕天助力湖北重启 祝福荆楚大地重回人间烟火气，提醒解封还是不能放松哦，防疫还是要做好。陈奕天工作室的微博视频,0,0,0,04月11日
469,609,芒果最八卦,:#武汉解封#@陈奕天助力湖北重启 祝福荆楚大地重回人间烟火气，提醒解封还是不能放松哦，防疫还是要做好。陈奕天工作室的微博视频,2,5,5,04月11日
470,610,明星娱乐动态追踪,:#武汉解封#@陈奕天助力湖北重启 祝福荆楚大地重回人间烟火气，提醒解封还是不能放松哦，防疫还是要做好。陈奕天工作室的微博视频,0,0,0,04月11日
471,611,明星八卦动态,:#武汉解封#@陈奕天助力湖北重启 祝福荆楚大地重回人间烟火气，提醒解封还是不能放松哦，防疫还是要做好。陈奕天工作室的微博视频,0,0,0,04月11日
472,612,娱乐台八卦追踪,:#武汉解封#@陈奕天助力湖北重启 祝福荆楚大地重回人间烟火气，提醒解封还是不能放松哦，防疫还是要做好。陈奕天工作室的微博视频,0,0,0,04月11日
473,613,文文讲娱乐,:#武汉解封#@陈奕天助力湖北重启 祝福荆楚大地重回人间烟火气，提醒解封还是不能放松哦，防疫还是要做好。陈奕天工作室的微博视频,0,0,0,04月11日
474,614,守护娱乐明星,:#武汉解封#@陈奕天助力湖北重启 祝福荆楚大地重回人间烟火气，提醒解封还是不能放松哦，防疫还是要做好。陈奕天工作室的微博视频,0,0,0,04月11日
475,615,十三鬼月,【#湖北新增无症状感染者22例#】据湖北省卫健委，5月26日，全省新增无症状感染者22例，转确诊0例，解除隔离24例，尚在医学观察的无症状感染者332例。,0,0,0,04月11日
476,616,流岚21,:#武汉成为疫情后网民最想去旅游的城市#这次疫情的爆发点是在武汉，这也体现了中国人的团结，一方有难八方支援。全国各地的医疗队、物资去湖北支援。武大樱花已盛开疫情也快结束了，武汉也解封。等疫情彻底结束了，心系武汉却没能去的，可以去武汉转转，去发现武汉的美好，天空依然是那么蓝，景色依然那么美。去了武汉这几个地方要去看看。一个文艺范的街区，和厦门的鼓浪屿有点相似，有很多特色小吃，很多小店的颜值很高，在这里很适合拍照的。木兰天池、辛亥革命武昌起义纪念馆。这也是非常值得去的地方。武汉还有很多好地方，不能一一例举了，上面这些地方是主推给大家的去武汉不容错过的地方。http://t.cn/A6A4m71M,0,0,1,04月11日
477,617,不想过柱的叮咚,放开五个一政策，航空公司的工作难度不是很了解，基层疾控工作人员的情况知道一些，从过年到现在连轴转四个月了，吃睡在机场，加上现在国家财政紧张，也发不出什么补贴之类的。大家都疲沓了，抱怨声很大，开会时能直接掀桌子吵起来，“你们领导就知道布置不可能完成的任务，完全不管下面的死活”。,0,0,0,04月11日
478,618,like要坚持啊啊啊,:作为一个武汉籍的留学生我简直太难了。3月份从法国回湖北，由于湖北没解封，只能在北京隔离14天，回湖北后又因为是留学生，隔离14天加两次核酸检测，结果阴性的情况下，回国两个月还能接到社区电话让我没事儿不要出门结果现在打算回法国，买的国航上海直飞巴黎的机票之前被取消，只能北京中转，武汉籍进京有限制，要在京心相助上申请高铁进京并且隔离14天，即使我只是北京中转，不出机场，中途停留两小时。到了法国后，还需要居家隔离14天，一共56天的隔离，一言难尽,2,0,3,04月11日
479,619,Emi2019,【#湖北新增无症状感染者22例#】据湖北省卫健委，5月26日，全省新增无症状感染者22例，转确诊0例，解除隔离24例，尚在医学观察的无症状感染者332例。,0,0,0,04月11日
480,620,忠心耿耿蓬佩奥,放开五个一政策，航空公司的工作难度不是很了解，基层疾控工作人员的情况知道一些，从过年到现在连轴转四个月了，吃睡在机场，加上现在国家财政紧张，也发不出什么补贴之类的。大家都疲沓了，抱怨声很大，开会时能直接掀桌子吵起来，“你们领导就知道布置不可能完成的任务，完全不管下面的死活”。,0,0,0,04月11日
481,621,子和不歌,放开五个一政策，航空公司的工作难度不是很了解，基层疾控工作人员的情况知道一些，从过年到现在连轴转四个月了，吃睡在机场，加上现在国家财政紧张，也发不出什么补贴之类的。大家都疲沓了，抱怨声很大，开会时能直接掀桌子吵起来，“你们领导就知道布置不可能完成的任务，完全不管下面的死活”。,0,0,0,04月11日
482,622,JiuQi32,放开五个一政策，航空公司的工作难度不是很了解，基层疾控工作人员的情况知道一些，从过年到现在连轴转四个月了，吃睡在机场，加上现在国家财政紧张，也发不出什么补贴之类的。大家都疲沓了，抱怨声很大，开会时能直接掀桌子吵起来，“你们领导就知道布置不可能完成的任务，完全不管下面的死活”。,0,0,0,04月11日
483,623,quiet瀞姐姐,:#武汉身边事##武汉日记#武汉真的很安全全民核酸1000万人，目前尚未发现一例确诊患者，这是多么美好的数字啊，大家都知道，在过去的几个月了，武汉人，湖北人，封城，封村两个多月，等到解封后到外地就业，就工，谈湖北人色变，收了太多的异样眼光。虽然，这些都可以理解的，但今天，我们真的很高兴，很欣慰，因为我们要向全世界证明：这才是最安全，最美好的样子！大江大河大武汉，从前的我回来了。#熟悉的武汉回来了#http://t.cn/R2WxQOQ,1,0,1,04月11日
484,624,KKW一ZZ,:#和王凯做一天武汉人##做一天湖北人##14亿中国人的战疫之路#从1月23日武汉封城到4月8日武汉解封，整整76天，这不只是武汉人的战疫之路，也是14亿中国人坚强走过的战疫之路，这场战疫，是一首值得被铭记的史诗，让人感慨万千。在这里，致敬14亿平凡的你我！（旁白@王凯kkw）新华网的秒拍视频,48,5,9,04月11日
485,625,晨儿哥的日常,:#河北科技师范学院[超话]#想知道，能不能动动脑子，六月初回去两个，中旬回去两个，六月末回去两个不行？嫌弃人多就中旬两个回来六月初两个走，六月末两个回来中旬两个走不行？什么叫湖北东三省不让回去？现在全国解封，武汉都没事了好吗？在自己家做核酸检测之后再去学校宿舍隔离不是挺好？一辈子就一次的毕业，没有毕业典礼没有学士服没有毕业照没有毕业聚会就算了，见一面都不行？！这真的是我一辈子的遗憾了。[微笑],9,0,1,04月11日
486,626,芒果最八卦,:#武汉解封#@陈奕天助力湖北重启 祝福荆楚大地重回人间烟火气，提醒解封还是不能放松哦，防疫还是要做好。陈奕天工作室的微博视频,0,0,0,04月11日
487,627,明星娱乐动态追踪,:#武汉解封#@陈奕天助力湖北重启 祝福荆楚大地重回人间烟火气，提醒解封还是不能放松哦，防疫还是要做好。陈奕天工作室的微博视频,0,0,0,04月11日
488,628,娱乐台八卦追踪,:#武汉解封#@陈奕天助力湖北重启 祝福荆楚大地重回人间烟火气，提醒解封还是不能放松哦，防疫还是要做好。陈奕天工作室的微博视频,12,0,0,04月11日
489,629,文文讲娱乐,:#武汉解封#@陈奕天助力湖北重启 祝福荆楚大地重回人间烟火气，提醒解封还是不能放松哦，防疫还是要做好。陈奕天工作室的微博视频,0,0,0,04月11日
490,630,陈奕天歌友会,:#武汉解封#@陈奕天助力湖北重启 祝福荆楚大地重回人间烟火气，提醒解封还是不能放松哦，防疫还是要做好。陈奕天工作室的微博视频,1,0,0,04月11日
491,631,天天开聊,:#武汉解封#@陈奕天助力湖北重启 祝福荆楚大地重回人间烟火气，提醒解封还是不能放松哦，防疫还是要做好。陈奕天工作室的微博视频,10,0,0,04月11日
492,632,程程说八卦,:#武汉解封#@陈奕天助力湖北重启 祝福荆楚大地重回人间烟火气，提醒解封还是不能放松哦，防疫还是要做好。陈奕天工作室的微博视频,0,0,0,04月11日
493,633,娱乐影视动态,:#武汉解封#@陈奕天助力湖北重启 祝福荆楚大地重回人间烟火气，提醒解封还是不能放松哦，防疫还是要做好。陈奕天工作室的微博视频,0,0,0,04月11日
494,634,大明星八卦动态,:#武汉解封#@陈奕天助力湖北重启 祝福荆楚大地重回人间烟火气，提醒解封还是不能放松哦，防疫还是要做好。陈奕天工作室的微博视频,0,0,0,04月11日
495,635,文文讲娱乐,:#武汉解封#@陈奕天助力湖北重启 祝福荆楚大地重回人间烟火气，提醒解封还是不能放松哦，防疫还是要做好。陈奕天工作室的微博视频,0,0,0,04月11日
496,636,天天聊天天,:#武汉解封#@陈奕天助力湖北重启 祝福荆楚大地重回人间烟火气，提醒解封还是不能放松哦，防疫还是要做好。陈奕天工作室的微博视频,0,0,0,04月11日
497,637,陈奕,:#武汉解封#@陈奕天助力湖北重启 祝福荆楚大地重回人间烟火气，提醒解封还是不能放松哦，防疫还是要做好。陈奕天工作室的微博视频,0,0,0,04月11日
498,638,娱乐台YuLeTai,:#武汉解封#@陈奕天助力湖北重启 祝福荆楚大地重回人间烟火气，提醒解封还是不能放松哦，防疫还是要做好。陈奕天工作室的微博视频,0,0,0,04月11日
499,639,天天开聊,:#武汉解封#@陈奕天助力湖北重启 祝福荆楚大地重回人间烟火气，提醒解封还是不能放松哦，防疫还是要做好。陈奕天工作室的微博视频,0,0,0,04月11日
500,640,可卿晴雯子,:#张文宏请大家做好有散发病例的心理准备#湖北，武汉早就解封了，现在仍然在排查，那就说明解封后极有可能有无症状感染者跑出来了嘛，这个逻辑大家都懂。目前这个肺炎只要早发现，早中医介入治疗就问题不大。网红医生讲来讲去都是这些车轱辘话，从来没有对真正治疗方案进行科学的介绍和详细分析。当然了，资本的推手总会给他找到最强的媒介大面积推广他的废话……,39,4,5,04月11日
501,641,口红色号,:#感恩有你山河无恙#【蔡徐坤、佟丽娅献唱！抗疫公益MV《山河无恙在我胸》】“选择了多少向死而生，终于等到冰雪消融；经历了多少负重前行，今夜光芒照亮天空…” 无数英雄逆行出征，守护生命，终于将要迎来湖北和武汉的“解封”时刻！戳↓听@佟丽娅@蔡徐坤合唱《山河无恙在我胸》，向战疫中所有努力的中国人致敬！,0,0,0,04月11日
502,642,十八子泡菜小镇,:#感恩有你山河无恙#【蔡徐坤、佟丽娅献唱！抗疫公益MV《山河无恙在我胸》】“选择了多少向死而生，终于等到冰雪消融；经历了多少负重前行，今夜光芒照亮天空…” 无数英雄逆行出征，守护生命，终于将要迎来湖北和武汉的“解封”时刻！戳↓听@佟丽娅@蔡徐坤合唱《山河无恙在我胸》，向战疫中所有努力的中国人致敬！,0,0,0,04月11日
503,643,雨巷那个人,:#感恩有你山河无恙#【蔡徐坤、佟丽娅献唱！抗疫公益MV《山河无恙在我胸》】“选择了多少向死而生，终于等到冰雪消融；经历了多少负重前行，今夜光芒照亮天空…” 无数英雄逆行出征，守护生命，终于将要迎来湖北和武汉的“解封”时刻！戳↓听@佟丽娅@蔡徐坤合唱《山河无恙在我胸》，向战疫中所有努力的中国人致敬！,0,0,0,04月11日
504,644,十八子泡菜店,:#感恩有你山河无恙#【蔡徐坤、佟丽娅献唱！抗疫公益MV《山河无恙在我胸》】“选择了多少向死而生，终于等到冰雪消融；经历了多少负重前行，今夜光芒照亮天空…” 无数英雄逆行出征，守护生命，终于将要迎来湖北和武汉的“解封”时刻！戳↓听@佟丽娅@蔡徐坤合唱《山河无恙在我胸》，向战疫中所有努力的中国人致敬！,0,0,0,04月11日
505,645,夏沫卫浴旗舰店,:#感恩有你山河无恙#【蔡徐坤、佟丽娅献唱！抗疫公益MV《山河无恙在我胸》】“选择了多少向死而生，终于等到冰雪消融；经历了多少负重前行，今夜光芒照亮天空…” 无数英雄逆行出征，守护生命，终于将要迎来湖北和武汉的“解封”时刻！戳↓听@佟丽娅@蔡徐坤合唱《山河无恙在我胸》，向战疫中所有努力的中国人致敬！,0,0,0,04月11日
506,646,嘈点君,:【蔡徐坤、佟丽娅献唱！抗疫公益MV《山河无恙在我胸》】“选择了多少向死而生，终于等到冰雪消融；经历了多少负重前行，今夜光芒照亮天空…” 无数英雄逆行出征，守护生命，终于将要迎来湖北和武汉的“解封”时刻！戳↓听@佟丽娅@蔡徐坤合唱《山河无恙在我胸》，向战疫中所有努力的中国人致敬！http://t.cn/A6ZvW2Zv,13,0,2,04月11日
507,647,香港华星卫视,:#华星卫视新闻#2020年，注定会在14亿中国人的共同记忆里写下深刻一笔。这是一场伟大的逆行。这条路上，无论起点和终点，都充满了艰辛和不易；而这条路上的“逆行者”们，正是因为他们在冬日里负重前行，才有了我们今天的春生夏长……4月8日，武汉“解封”；5月2日，湖北重大突发公共卫生事件应急响应级别由一级响应调整为二级响应；5月21日，推迟两个多月的全国两会将拉开帷幕……春风拂过，万物复苏。致敬为此付出过的每一个人，他们并非天生勇敢，而是选择了勇敢；他们并非无所不能，而是始终竭尽所能。他们或许平凡，但他们造就了伟大！他们用奉献和责任撑起的一切有关“守护”的岁月和时光，都值得我们永远铭记。,0,0,0,04月11日
508,648,彭肖杨,:中国加油！湖北省加油！武汉市加油！【武汉解封一个月后紧急通知：一千多万人口全部检测新冠核酸！】（来自@一点资讯）武汉解封一个月后紧急通知：一千多万人口全部检测新冠核酸！,0,0,0,04月11日
509,649,何子丹微博,:#武汉解封后共发现665名无症状感染者#为促进武汉经济复苏，政府也是操碎了心，要是有余钱，我真的就支持了,6,0,0,04月11日
510,650,vincent的星月夜,:#武汉解封后共发现665名无症状感染者#希望能把湖北省其他市也检查一下，让我心里有个底,5,0,2,04月11日
511,651,鲁迅的秋天,:#武汉解封后共发现665名无症状感染者#根据荆楚网公告信息，统计了湖北省无症状感染者通报情况：自3月31日统计通报无症状感染者信息以来，湖北省累计通报无症状感染者2213例。结束观察1774例：转确诊8例、解除隔离1766，转确诊比例：0.45%。向省外输出55例（不完全统计）。累计通报2268例。,105,0,7,04月11日
512,652,湖北发布,:【武汉无症状感染者有三种情况，仅第三种有传染性】5月15日，武汉召开疫情防控专家咨询会，记者从会上获悉，武汉自4月8日“解封”以来，共发现无症状感染者665人。追踪密切接触者2508人，其中2人转为无症状感染者，比例为0.8‰，不到千分之一，无人转确诊。中国疾控中心副主任、国务院联防联控机制联络组专家冯子健表示，现阶段数据显示，武汉无症状感染者传染性很低。http://t.cn/A6AkQATs,1,1,0,04月11日
513,653,中国舞蹈家协会街舞委员会,:【中国青年杂志】新兴青年｜韩宇：为它花多少时间，它就会陪你走多远。4月8日，湖北武汉打开通道，重新与外界“连接”。等待了76天，武汉解封了，被问到“疫情过后，想做的第一件事是什么”？韩宇不假思索地回答：“我想回武汉看看。”@韩宇531新兴青年｜韩宇：为它花多少时间，它就会陪你走多远,31,2,6,04月11日
514,654,用户6289311018,【#武汉大学樱花雨#,1,0,0,04月11日
515,655,志在山顶6163171352,:武汉“解封”一月来的湖北交通记忆 武汉“解封”一月来的湖北交通记忆,0,0,0,04月11日
516,656,蒲城检察,:【蔡徐坤#蔡徐坤#、佟丽娅#佟丽娅#献唱！抗疫公益MV《山河无恙在我胸》】“选择了多少向死而生，终于等到冰雪消融；经历了多少负重前行，今夜光芒照亮天空…” 无数英雄逆行出征，守护生命，终于将要迎来湖北和武汉的“解封”时刻！戳↓听@佟丽娅@蔡徐坤合唱《山河无恙在我胸》，向战疫中所有努力的中国人致敬！#感恩有你山河无恙#蔡徐坤[超话]##佟丽娅[超话]##佟丽娅蔡徐坤合唱抗疫歌曲#http://t.cn/A6ZvW2Zvhttp://t.cn/A6ZvW2Zv,100,23,33,04月11日
517,657,嘉荫检察,:【蔡徐坤#蔡徐坤#、佟丽娅#佟丽娅#献唱！抗疫公益MV《山河无恙在我胸》】“选择了多少向死而生，终于等到冰雪消融；经历了多少负重前行，今夜光芒照亮天空…” 无数英雄逆行出征，守护生命，终于将要迎来湖北和武汉的“解封”时刻！戳↓听@佟丽娅@蔡徐坤合唱《山河无恙在我胸》，向战疫中所有努力的中国人致敬！#感恩有你山河无恙#蔡徐坤[超话]##佟丽娅[超话]##佟丽娅蔡徐坤合唱抗疫歌曲#http://t.cn/A6ZvW2Zvhttp://t.cn/A6ZvW2Zv,31,1,5,04月11日
518,658,程程说八卦,:#武汉解封#@陈奕天助力湖北重启 祝福荆楚大地重回人间烟火气，提醒解封还是不能放松哦，防疫还是要做好。陈奕天工作室的微博视频,0,0,0,04月11日
519,659,湖北发布,:【武汉“解封”当月对外贸易加速恢复 进出口值同比环比双双增长】自4月8日解除离汉通道管控以来，武汉对外贸易加速恢复。5月13日，武汉海关公布消息：4月份武汉市外贸进出口总值208.9亿元，同比增长27.4%，环比增长71.8%，其中：出口100.2亿元，同比增长9.9%，环比增长1.3倍；进口108.7亿元，同比增长49.2%，环比增长40.8%。1月至4月武汉市进出口总值605.2亿元，同比下降4.9%，较一季度降幅收窄11.2个百分点。http://t.cn/A6AgHWEp,1,2,0,04月11日
520,660,娱乐影视动态,:#武汉解封#@陈奕天助力湖北重启 祝福荆楚大地重回人间烟火气，提醒解封还是不能放松哦，防疫还是要做好。陈奕天工作室的微博视频,0,0,0,04月11日
521,661,积极向上的煮煮饭,:现在武汉解封都多久了，去重庆重庆还搁这儿歧视湖北人?酒店都不让湖北人住，去饭店吃饭也不敢说自己是湖北人，我就想知道疫情难道所有的湖北人都成了病毒？一个二个说着湖北人加油，但是背地里还是歧视，想一想如果你们是疫情重灾区，那你们怎么办？是不是希望自己被歧视？,2,0,2,04月11日
522,662,明星八卦动态,:#武汉解封#@陈奕天助力湖北重启 祝福荆楚大地重回人间烟火气，提醒解封还是不能放松哦，防疫还是要做好。陈奕天工作室的微博视频,0,0,0,04月11日
523,663,三草两木焕焕,:#湖北返京#我只想说，作为湖北籍的我太难了,0,0,1,04月11日
524,664,天天聊天天,:#武汉解封#@陈奕天助力湖北重启 祝福荆楚大地重回人间烟火气，提醒解封还是不能放松哦，防疫还是要做好。陈奕天工作室的微博视频,0,0,0,04月11日
525,665,游仙公安,:#历检分享#【蔡徐坤、佟丽娅献唱！抗疫公益MV《山河无恙在我胸》】“选择了多少向死而生，终于等到冰雪消融；经历了多少负重前行，今夜光芒照亮天空…” 无数英雄逆行出征，守护生命，终于将要迎来湖北和武汉的“解封”时刻！戳↓听@佟丽娅@蔡徐坤合唱《山河无恙在我胸》，向战疫中所有努力的中国人致敬！#感恩有你山河无恙##佟丽娅[超话]##蔡徐坤[超话]#[心]http://t.cn/A6ZvW2Zv,11,0,8,04月11日
526,666,守护娱乐明星,:#武汉解封#@陈奕天助力湖北重启 祝福荆楚大地重回人间烟火气，提醒解封还是不能放松哦，防疫还是要做好。陈奕天工作室的微博视频,0,0,0,04月11日
527,667,爱豆歌曲大放送,:#武汉解封#@陈奕天助力湖北重启 祝福荆楚大地重回人间烟火气，提醒解封还是不能放松哦，防疫还是要做好。陈奕天工作室的微博视频,0,0,0,04月11日
528,668,三爷睿智,今天，一起点亮武汉!#武汉解封#湖北好久不见 行走七大洲的微博视频,0,2,2,04月11日
529,669,大河美食点评,今天，一起点亮武汉!#武汉解封#湖北好久不见 行走七大洲的微博视频,1,6,3,04月11日
530,670,迷恋校园,今天，一起点亮武汉!#武汉解封#湖北好久不见 行走七大洲的微博视频,0,3,3,04月11日
531,671,交通发布,:#今日交通#【5月14日 | 编委读《中国交通报》】① 江苏28个铁公水空项目集中开工；② 中外航空公司货运航班爆发式增长；#我国一季度宏观杠杆率显著上升#③ 中国豪华客车满帆出海稳外贸； ④ 港口粉尘治理进入智能化时代#绿色交通#…… 编委读报｜ 武汉“解封”一月来的湖北交通记忆……,5,0,0,04月11日
532,672,希希妈妈80后,:蔡徐坤 cxk蔡徐坤有啥作品，不了解，请戳下边视频先从这首公益歌曲开始了解“选择了多少向死而生，终于等到冰雪消融；经历了多少负重前行，今夜光芒照亮天空…” 无数英雄逆行出征，守护生命，终于迎来湖北和武汉的“解封”时刻！戳↓听@佟丽娅@蔡徐坤合唱《山河无恙在我胸》，为战疫中所有努力的中国人点赞！http://t.cn/A6ZvrjU2,3,2,0,04月11日
533,673,荷塘月色的八月,:#每日一善[超话]#cxk#阳光信用#经历了60多个日夜的浴血奋战和坚守，今天，春风里激荡着让全国人民翘首以盼的消息！从3月25日零时起，湖北省除武汉以外地区“解封”，14天后，武汉也将迎来“解封”时刻！@蔡徐坤@佟丽娅#蔡徐坤[超话]##佟丽娅[超话]#携手演唱原创抗疫公益歌曲《山河无恙在我胸》，致敬我们英雄的祖国，英雄的时代，英雄的人民，英雄的城市！http://t.cn/A6ZvjWYj,0,0,0,04月11日
534,674,圈内匿名区,:#晚间分享#【蔡徐坤、佟丽娅献唱！抗疫公益MV《山河无恙在我胸》】“选择了多少向死而生，终于等到冰雪消融；经历了多少负重前行，今夜光芒照亮天空…” 无数英雄逆行出征，守护生命，终于将要迎来湖北和武汉的“解封”时刻！戳↓听@佟丽娅@蔡徐坤合唱《山河无恙在我胸》，向战疫中所有努力的中国人,0,0,0,04月11日
535,675,嘉兴检察,:【抗疫公益MV《山河无恙在我胸》】“选择了多少向死而生，终于等到冰雪消融；经历了多少负重前行，今夜光芒照亮天空…” 。无数英雄逆行出征，守护生命，终于将要迎来湖北和武汉的“解封”时刻！戳↓听@佟丽娅@蔡徐坤合唱《山河无恙在我胸》，向战疫中所有努力的中国人致敬！http://t.cn/A6ZvW2Zv,3280,334,412,04月11日
536,676,灵山检察,:【蔡徐坤、佟丽娅献唱！抗疫公益MV《山河无恙在我胸》】“选择了多少向死而生，终于等到冰雪消融；经历了多少负重前行，今夜光芒照亮天空…” 无数英雄逆行出征，守护生命，终于将要迎来湖北和武汉的“解封”时刻！戳↓听@佟丽娅@蔡徐坤合唱《山河无恙在我胸》，向战疫中所有努力的中国人致敬！#感恩有你山河无恙##佟丽娅[超话]##蔡徐坤[超话]#http://t.cn/A6ZvW2Zv,26,6,8,04月11日
537,677,鱼综聚焦,:#蜀黎带你涨姿势#【蔡徐坤、佟丽娅献唱！抗疫公益MV《山河无恙在我胸》】“选择了多少向死而生，终于等到冰雪消融；经历了多少负重前行，今夜光芒照亮天空…” 无数英雄逆行出征，守护生命，终于将要迎来湖北和武汉的“解封”时刻！戳↓听@佟丽娅@蔡徐坤合唱《山河无恙在我胸》，向战疫中所有努力的,0,0,0,04月11日
538,678,子午岭林区检察,:#强态度#【解读中国战“疫”中的文化力量系列之二：“你一斤我一斤，都为湖北胖三斤”】疫情期间，全国人民积极向疫情严重的湖北捐赠蔬菜等农产品。武汉解封以后，相关部委、媒体和各大电商平台纷纷为湖北带货，帮助湖北提振经济信心。各地“吃货”积极响应，“都为湖北胖三斤”。正是中国社会上上下下的互相呼应，心手相牵，疫情才迅速得以控制。#这场战疫我们能赢#http://t.cn/A6AnrJLP,1,0,3,04月11日
539,679,袁毕加,:#武汉解封#@陈奕天助力湖北重启 祝福荆楚大地重回人间烟火气，提醒解封还是不能放松哦，防疫还是要做好。陈奕天工作室的微博视频,0,0,0,04月11日
540,680,萧山检察,:【蔡徐坤、佟丽娅献唱！抗疫公益MV《山河无恙在我胸》】“选择了多少向死而生，终于等到冰雪消融；经历了多少负重前行，今夜光芒照亮天空…” 无数英雄逆行出征，守护生命，终于将要迎来湖北和武汉的“解封”时刻！戳↓听@佟丽娅@蔡徐坤合唱《山河无恙在我胸》，向战疫中所有努力的中国人致敬！#感恩有你山河无恙#佟丽娅超话 蔡徐坤超话,8,0,18,04月11日
541,681,邵阳市洞口县法院,:#感恩有你山河无恙#【蔡徐坤、佟丽娅献唱！抗疫公益MV《山河无恙在我胸》】“选择了多少向死而生，终于等到冰雪消融；经历了多少负重前行，今夜光芒照亮天空…” 无数英雄逆行出征，守护生命，终于将要迎来湖北和武汉的“解封”时刻！戳↓听@佟丽娅@蔡徐坤合唱《山河无恙在我胸》，向战疫中所有努力的中国人致敬！,17,2,7,04月11日
542,682,明星娱乐动态追踪,:#武汉解封#@陈奕天助力湖北重启 祝福荆楚大地重回人间烟火气，提醒解封还是不能放松哦，防疫还是要做好。陈奕天工作室的微博视频,0,0,0,04月11日
543,683,汉台公安,:【蔡徐坤、佟丽娅献唱！抗疫公益MV《山河无恙在我胸》】“选择了多少向死而生，终于等到冰雪消融；经历了多少负重前行，今夜光芒照亮天空…” 无数英雄逆行出征，守护生命，终于将要迎来湖北和武汉的“解封”时刻！戳↓听@佟丽娅@蔡徐坤合唱《山河无恙在我胸》，向战疫中所有努力的中国人致敬！#感恩有你山河无恙##佟丽娅[超话]##蔡徐坤[超话]#[心]http://t.cn/A6ZvW2Zv#平安法治2020##特朗普崩溃了#http://t.cn/A6Auefba,18,1,32,04月11日
544,684,XM-Laiqh,抱歉，作者已设置仅展示半年内微博，此微博已不可见。,0,0,0,04月11日
545,685,娱乐台八卦追踪,:#武汉解封#@陈奕天助力湖北重启 祝福荆楚大地重回人间烟火气，提醒解封还是不能放松哦，防疫还是要做好。陈奕天工作室的微博视频,11,10,2,04月11日
546,686,文文讲娱乐,:#武汉解封#@陈奕天助力湖北重启 祝福荆楚大地重回人间烟火气，提醒解封还是不能放松哦，防疫还是要做好。陈奕天工作室的微博视频,0,0,0,04月11日
547,687,娱乐明星百家谈,:#武汉解封#@陈奕天助力湖北重启 祝福荆楚大地重回人间烟火气，提醒解封还是不能放松哦，防疫还是要做好。陈奕天工作室的微博视频,0,0,0,04月11日
548,688,阳阳的Honey妈咪,:#蔡徐坤游泳池[超话]#经历了60多个日夜的浴血奋战和坚守，今天，春风里激荡着让全国人民翘首以盼的消息！从3月25日零时起，湖北省除武汉以外地区“解封”，14天后，武汉也将迎来“解封”时刻！@蔡徐坤@佟丽娅#蔡徐坤[超话]##佟丽娅[超话]#携手演唱原创抗疫公益歌曲《山河无恙在我胸》，致敬我们英雄的祖国，英雄的时代，英雄的人民，英雄的城市！http://t.cn/A6ZvjWYj,0,0,30,04月11日
549,689,亚洲传媒香港官方微博,:#武汉解封#@陈奕天助力湖北重启 祝福荆楚大地重回人间烟火气，提醒解封还是不能放松哦，防疫还是要做好。陈奕天工作室的微博视频,0,0,0,04月11日
550,690,娱乐台YuLeTai,:#武汉解封#@陈奕天助力湖北重启 祝福荆楚大地重回人间烟火气，提醒解封还是不能放松哦，防疫还是要做好。陈奕天工作室的微博视频,0,0,0,04月11日
551,691,惹祸格格,今天，一起点亮武汉!#武汉解封#湖北好久不见 行走七大洲的微博视频,0,1,1,04月11日
552,692,南郑检察微博,:【蔡徐坤、佟丽娅献唱！抗疫公益MV《山河无恙在我胸》】“选择了多少向死而生，终于等到冰雪消融；经历了多少负重前行，今夜光芒照亮天空…” 无数英雄逆行出征，守护生命，终于将要迎来湖北和武汉的“解封”时刻！戳↓听@佟丽娅@蔡徐坤合唱《山河无恙在我胸》，向战疫中所有努力的中国人致敬！#感恩有你山河无恙##佟丽娅[超话]##蔡徐坤[超话]#[心]http://t.cn/A6ZvW2Zvhttp://t.cn/RUlVS0s,18,0,8,04月11日
553,693,方正检察,:#匀检分享#【蔡徐坤、佟丽娅献唱！抗疫公益MV《山河无恙在我胸》】“选择了多少向死而生，终于等到冰雪消融；经历了多少负重前行，今夜光芒照亮天空…” 无数英雄逆行出征，守护生命，终于将要迎来湖北和武汉的“解封”时刻！戳↓听@佟丽娅@蔡徐坤合唱《山河无恙在我胸》，向战疫中所有努力的中国人致敬！#感恩有你山河无恙##佟丽娅[超话]##蔡徐坤[超话]#[心]http://t.cn/A6ZvW2Zv,1,0,6,04月11日
554,694,bas是只小肥仔,:#蔡徐坤游泳池[超话]##感恩有你山河无恙#“选择了多少向死而生，终于等到冰雪消融；经历了多少负重前行，今夜光芒照亮天空…” 无数英雄逆行出征，守护生命，终于将要迎来湖北和武汉的“解封”时刻！戳↓听佟丽娅，@蔡徐坤合唱《山河无恙在我胸》，向战疫中所有努力的中国人致敬！(自捞不回)[心]http://t.cn/A6ZvW2Zv,0,0,10,04月11日
555,695,蔡小葵的秃头麻麻,:#蔡徐坤游泳池[超话]##感恩有你山河无恙#“选择了多少向死而生，终于等到冰雪消融；经历了多少负重前行，今夜光芒照亮天空…” 无数英雄逆行出征，守护生命，终于将要迎来湖北和武汉的“解封”时刻！戳↓听佟丽娅，@蔡徐坤合唱《山河无恙在我胸》，向战疫中所有努力的中国人致敬！(自捞不回)[心]http://t.cn/A6ZvW2Zv,0,0,11,04月11日
556,696,潍坊市人民检察院,:【#武汉一餐厅疫情期送8000多份爱心餐#老板娘：作为母亲想给孩子做榜样】湖北武汉一家餐厅在疫情期间，为医院和社区送了8000多份爱心餐。武汉解封后，餐厅仍继续为白血病患儿提供1000多份爱心餐。老板娘肖晶表示，只要餐厅开一天，就会坚持做公益，也希望能给自己的孩子做榜样。http://t.cn/A6AQodPq（来源：中国长安网）,14,12,17,04月11日
557,697,一如既往灬,:大武汉，恢复了往日的活力！,6,0,11,04月11日
558,698,子午岭林区检察,:【#武汉一餐厅疫情期送8000多份爱心餐#老板娘：作为母亲想给孩子做榜样】湖北武汉一家餐厅在疫情期间，为医院和社区送了8000多份爱心餐。武汉解封后，餐厅仍继续为白血病患儿提供1000多份爱心餐。老板娘肖晶表示，只要餐厅开一天，就会坚持做公益，也希望能给自己的孩子做榜样。安哥：致敬优秀的母亲，用行动教会孩子善良与美好！http://t.cn/A6AQodPq,0,0,5,04月11日
559,699,广西网络广播电视台GXNTV,:【守望与祝福，写入难忘青春记忆（患难见真情 共同抗疫情）——在湖北生活的外国青年讲述抗疫亲历】从新冠肺炎疫情汹涌而至的“严冬大考”，到4月8日武汉“解封”，4月26日武汉在院新冠肺炎患者清零，再到宣告湖北保卫战、武汉保卫战取得决定性成果，全国疫情防控阻击战取得重大战略成果……时节如流，决战决胜之地史诗般的抗疫历程，成为感动世界的人类共同记忆。http://t.cn/A6A8rHTo,0,0,0,04月11日
560,700,定西日报,:【守望与祝福，写入难忘青春记忆（患难见真情 共同抗疫情）】 芳丛锦簇水滨生，东湖绿道正葱茏。 从新冠肺炎疫情汹涌而至的“严冬大考”，到4月8日武汉“解封”，4月26日武汉在院新冠肺炎患者清零，再到宣告湖北保卫战、武汉保卫战取得决定性成果，全国疫情...http://t.cn/A6ARxmul,10,5,8,04月11日
561,701,闻所未文,:#共同战疫#【守望与祝福，写入难忘青春记忆】芳丛锦簇水滨生，东湖绿道正葱茏。从新冠肺炎疫情汹涌而至的“严冬大考”，到4月8日武汉“解封”，4月26日武汉在院新冠肺炎患者清零，再到宣告湖北保卫战、武汉保卫战取得决定性成果，全国疫情防控阻击战取得重大战略成果……时节如流，决战决胜之地史诗般的抗疫历程，成为感动世界的人类共同记忆。本报记者近日赴武汉采访，邀请多位外国青年讲述湖北抗疫亲历，走近他们十分珍视的一段青春记忆——艰难时刻，他们选择同中国人民在一起，无数次由衷喊出“中国加油”“湖北加油”“武汉加油”。无分国别、种族的守望与祝福，透出坚毅而温暖的力量。#全球抗疫第一线##青年战疫##武汉重启#http://t.cn/A6A8rHTo,1,0,0,04月11日
562,702,天津红桥交警,:【#武汉一餐厅疫情期送8000多份爱心餐#老板娘：作为母亲想给孩子做榜样】湖北武汉一家餐厅在疫情期间，为医院和社区送了8000多份爱心餐。武汉解封后，餐厅仍继续为白血病患儿提供1000多份爱心餐。老板娘肖晶表示，只要餐厅开一天，就会坚持做公益，也希望能给自己的孩子做榜样。安哥：致敬优秀的母亲，用行动教会孩子善良与美好！http://t.cn/A6AQodPqhttp://t.cn/A6AQ0xc5,0,0,0,04月11日
563,703,An安安爱葵奎u,:#青2青春制作人代表蔡徐坤#蔡徐坤  cxk#蔡徐坤英伦格子西服#,4,0,0,04月10日
564,704,AliexHoo,:#武汉[超话]##武汉加油#五月十号，解封后武汉东湖，美丽的风景带给人们劫后重生的希望，希望武汉越来越好，湖北越来越好！加油武汉！加油湖北！ 武汉·武汉工程大学武昌校区 AliexHoo的微博视频,3,0,0,04月10日
565,705,抚州临川发布,:【#武汉一餐厅疫情期送8000多份爱心餐#老板娘：作为母亲想给孩子做榜样】湖北武汉一家餐厅在疫情期间，为医院和社区送了8000多份爱心餐。武汉解封后，餐厅仍继续为白血病患儿提供1000多份爱心餐。老板娘肖晶表示，只要餐厅开一天，就会坚持做公益，也希望能给自己的孩子做榜样。安哥：致敬优秀的母亲，用行动教会孩子善良与美好！http://t.cn/A6AQodPq,0,0,0,04月10日
566,706,栾川政法,:【#武汉一餐厅疫情期送8000多份爱心餐#老板娘：作为母亲想给孩子做榜样】湖北武汉一家餐厅在疫情期间，为医院和社区送了8000多份爱心餐。武汉解封后，餐厅仍继续为白血病患儿提供1000多份爱心餐。老板娘肖晶表示，只要餐厅开一天，就会坚持做公益，也希望能给自己的孩子做榜样。优秀的母亲，用行动教会孩子善良与美好！http://t.cn/A6AQodPq,0,0,0,04月10日
567,707,FM963,:【#武汉一餐厅疫情期送8000多份爱心餐#老板娘：作为母亲想给孩子做榜样】湖北武汉一家餐厅在疫情期间，为医院和社区送了8000多份爱心餐。武汉解封后，餐厅仍继续为白血病患儿提供1000多份爱心餐。老板娘肖晶表示，只要餐厅开一天，就会坚持做公益，也希望能给自己的孩子做榜样。安哥：致敬优秀的母亲，用行动教会孩子善良与美好！http://t.cn/A6AQodPq,0,0,0,04月10日
568,708,中国网,:【#厦门卖家写给武汉买家的一封信#：希望您能感受到我最真诚的祝福】湖北武汉市民张先生是一名新冠肺炎康复者。武汉解封后，张先生在某闲置交易平台买了1个电子琴准备送给孩子。谁知卖家一看他的地址不仅拒收邮费，还寄来了一份“大礼包”，包含各种孩子的必需品。更让他感动的是，1个月后他在卖家送的衣物里发现一封亲笔信，详细介绍了每1件小玩具、零食的意义，并且写下了对武汉的祝福。http://t.cn/A6AlyKDO,415,299,267,04月10日
569,709,言午X丶_kiya,:#湖北什么时候解封#黄冈罗田已经第14天0增长了 还要关我们到什么时候  整个湖北市就陪一个武汉省关关关,0,0,0,04月10日
570,710,海南大学团委,:【#小汇微分享##不仅有交易更有交情##厦门卖家写给武汉买家的一封信#：希望您能感受到我最真诚的祝福】湖北武汉市民张先生是一名新冠肺炎康复者。武汉解封后，张先生在某闲置交易平台买了1个电子琴准备送给孩子。谁知卖家一看他的地址不仅拒收邮费，还寄来了一份“大礼包”，包含各种孩子的必需品。更让他感动的是，1个月后他在卖家送的衣物里发现一封亲笔信，详细介绍了每1件小玩具、零食的意义，并且写下了对武汉的祝福。http://t.cn/A6AlyKDO,0,0,0,04月10日
571,711,校校啦财经婆,:#财经资讯#武汉已解封数日，对于现在的武汉、湖北来说，直播带货能够有效助力复产复工，带动经济,0,0,0,04月10日
572,712,姓杨的小小军,:#武汉解封#距今武汉解封整整一个月，湖北各地陆续在开学！做好防护措施，安全第一！加油！你们是最棒的！,1,0,0,04月10日
573,713,蒲城检察,:【#厦门卖家写给武汉买家的一封信#：希望您能感受到我最真诚的祝福】湖北武汉市民张先生是一名新冠肺炎康复者。武汉解封后，张先生在某闲置交易平台买了1个电子琴准备送给孩子。谁知卖家一看他的地址不仅拒收邮费，还寄来了一份“大礼包”，包含各种孩子的必需品。更让他感动的是，1个月后他在卖家送的衣物里发现一封亲笔信，详细介绍了每1件小玩具、零食的意义，并且写下了对武汉的祝福。http://t.cn/A6AlyKDO,26,17,29,04月10日
574,714,武汉热生活,:#武汉身边事##不仅有交易更有交情#【#厦门卖家写给武汉买家的一封信#：希望您能感受到我最真诚的祝福】湖北武汉市民张先生是一名新冠肺炎康复者。武汉解封后，张先生在某闲置交易平台买了1个电子琴准备送给孩子。谁知卖家一看他的地址不仅拒收邮费，还寄来了一份“大礼包”，包含各种孩子的必需品。更让他感动的是，1个月后他在卖家送的衣物里发现一封亲笔信，详细介绍了每1件小玩具、零食的意义，并且写下了对武汉的祝福。http://t.cn/A6AlyKDO,242,120,116,04月10日
575,715,光明网,:【#厦门卖家写给武汉买家的一封信#：希望您能感受到我最真诚的祝福】湖北武汉市民张先生是一名新冠肺炎康复者。武汉解封后，张先生在某闲置交易平台买了1个电子琴准备送给孩子。谁知卖家一看他的地址不仅拒收邮费，还寄来了一份“大礼包”，包含各种孩子的必需品。更让他感动的是，1个月后他在卖家送的衣物里发现一封亲笔信，详细介绍了每1件小玩具、零食的意义，并且写下了对武汉的祝福。http://t.cn/A6AlyKDO,288,242,152,04月10日
576,716,试管RFG吴华林,:#RFG吴华林[超话]##对湖北籍务工人员多些善意理解#在中央政府的强力领导下，全国疫情得到控制，湖北已经解封超过两个月，武汉也全面解封，国内一线城市都是绿码放行！湖北人民遭受太多苦难！在此情况下，厦门相关部门单独针对湖北人民入厦实行差别对待，所有入夏人员强制检测，强制隔离！作为湖北人，在此提醒各位，在厦门政策没有更改前非必要不要到厦门！注：隔离环境非常差，武汉几十元招待所水平！晚上我特别担心楼又塌了！,4,1,2,04月10日
577,717,乌云中没有,:#薇娅过早##薇娅武汉吃热干面#湖北解封过后，跟着薇娅一起云走武汉，一切都还是原样,0,0,0,04月10日
578,718,深海遨游的蓝鲸,:#薇娅过早##薇娅武汉吃热干面#薇娅真的就是一个神仙主播,0,0,0,04月10日
579,719,-浮云若世,:#薇娅过早##薇娅武汉吃热干面#湖北解封后薇娅第一时间就去武汉公益直播，满满的正能量，我们相信一切都会好的，武汉加油！,0,0,0,04月10日
580,720,第二眼美女丶晓瑜,:#薇娅过早##薇娅武汉吃热干面#湖北解封后，薇娅第一时间去武汉公益直播，街道也在变得热闹，感觉很快就可以回到以前。,0,0,0,04月10日
581,721,可乐不是小朋友,:看着薇娅在解封之后就去到了湖北，感觉好羡慕呀！武汉也慢慢恢复了往日的热闹了，啊，一定要去一趟武汉，像薇娅那样体验一把生活#薇娅过早#,1,0,0,04月10日
582,722,秋寒丫丫,:#薇娅过早##薇娅武汉吃热干面#在不久前湖北解封以后，薇娅就去了武汉做公益直播，我们相信武汉一定会好起来的，中国加油！武汉加油！,0,0,0,04月10日
583,723,Ai-CiJude,:#薇娅武汉吃热干面##薇娅过早#来来来，看我们薇娅在湖北解封后又开始了公益直播活动，真是个热心公益的主播呀，也刚看体验了一下凌晨三点半的过早热干面，哈哈哈，辛苦啦,1,0,0,04月10日
584,724,粉色灰机呀,:#薇娅过早##薇娅武汉吃热干面#因为新冠肺炎的原因，我好久没有吃到武汉的热干面了。在湖北解封后，微雅第一时间去武汉做了公益直播，让我们看到了久违的热干面，真的好想吃！！,1,0,0,04月10日
585,725,全球最好看的电影,:#解封后武汉婚纱订单大增##湖北婚纱购买率猛增 共过患难夫妻，肯定会长久！ 患难见真情，愿天下有情人终成眷属呐。 大连丛先生的微博视频,3,1,1,04月10日
586,726,陈奕天全球后援会,:#武汉解封#@陈奕天助力湖北重启 祝福荆楚大地重回人间烟火气，提醒解封还是不能放松哦，防疫还是要做好。陈奕天工作室的微博视频,0,0,0,04月10日
587,727,可爱胖肥羊阿里郎,:武汉的热干面就是正宗，没想到湖北解封过后薇娅就第一时间敢去做公益直播，我相信这份爱能使湖北更加热闹#薇娅过早##薇娅武汉吃热干面#,0,0,0,04月10日
588,728,蓦然囬首,:#薇娅武汉吃热干面##薇娅过早#武汉解封后，薇娅第一时间来到了湖北，相信未来义演直播中，体验凌晨三点半就可以吃到的“过早”，尝到了热干面！跟随薇娅走在湖北街头，可以看到街上已经热闹起来，人们也逐渐恢复到正常的生活当中,0,0,0,04月10日
589,729,啦啦我是卖报的小行家4656,:#薇娅过早##薇娅武汉吃热干面#在湖北解封后，薇娅立马去了武汉做公益直播，看着美丽的武汉，感觉真的好美好,0,0,0,04月10日
590,730,只想和你分享我的情绪,:#薇娅武汉吃热干面##薇娅过早#薇娅真的是个很好的女孩了，湖北解封过后第一时间去做公益直播,0,0,0,04月10日
591,731,彩色果冻冰,:#薇娅过早#湖北解封了，薇娅就去公益直播带货，这种很棒公益事业必须支持。#薇娅武汉吃热干面#,1,0,0,04月10日
592,732,它们到底在干嘛,:一直在关注薇娅直播，我还在直播中抢过好多东西,0,0,0,04月10日
593,733,na再努力,:#薇娅过早##薇娅武汉吃热干面#湖北解封后薇娅第一时间赶去现场进行工艺，相信未来公益进行的非常顺利，相信一切都会越来越好,0,0,3,04月10日
594,734,樱川奈奈酱_,:#薇娅过早##薇娅武汉吃热干面#湖北一解封薇娅第一时间就去了武汉进行公益直播满满的正能量啊 为了公益我们也应该多多支持薇娅 薇娅为了公益都这么努力了我们也应该献出一份力量,0,0,0,04月10日
595,735,喜欢薄荷ye,:#薇娅过早##薇娅武汉吃热干面#武汉解封薇娅第一时间去武汉做了公益直播！真的是个很用心的主播呀！湖北街头一切都向着好的方向发展着呀！！,0,0,0,04月10日
596,736,游慕岐,:#薇娅过早##薇娅武汉吃热干面#援助武汉，公益支援，在湖北解封后的第一时间，薇娅就去了武汉进行公益直播，直播全程为公益性，相信未来义演直播中在湖北体验了凌晨三点半就可以吃到的“过早”尝了热干面。跟随薇娅走在湖北街头，可以看到街上已经热闹起来了，我们的一切都在向好的方向发展，相信春暖花开。http://t.cn/Rp7rGhw,0,0,0,04月10日
597,737,明星八卦动态,:#武汉解封#@陈奕天助力湖北重启 祝福荆楚大地重回人间烟火气，提醒解封还是不能放松哦，防疫还是要做好。陈奕天工作室的微博视频,0,0,0,04月10日
